{
  "page_number": 10,
  "text_blocks": [
    {
      "text": "MESSOS ENTERPRISES LTD.",
      "confidence": 0.854031076104457,
      "bbox": [
        [
          1790.0,
          86.0
        ],
        [
          2142.0,
          86.0
        ],
        [
          2142.0,
          116.0
        ],
        [
          1790.0,
          116.0
        ]
      ]
    },
    {
      "text": "COTNEr",
      "confidence": 0.3343934762030305,
      "bbox": [
        [
          82.0,
          80.0
        ],
        [
          414.0,
          80.0
        ],
        [
          414.0,
          154.0
        ],
        [
          82.0,
          154.0
        ]
      ]
    },
    {
      "text": "Valuation as of 28.02.2025",
      "confidence": 0.6204013648437442,
      "bbox": [
        [
          1910.0,
          114.0
        ],
        [
          2146.0,
          114.0
        ],
        [
          2146.0,
          138.0
        ],
        [
          1910.0,
          138.0
        ]
      ]
    },
    {
      "text": "Client Number 366223",
      "confidence": 0.47321774182015924,
      "bbox": [
        [
          1947.0,
          137.0
        ],
        [
          2145.0,
          137.0
        ],
        [
          2145.0,
          157.0
        ],
        [
          1947.0,
          157.0
        ]
      ]
    },
    {
      "text": "Bonds",
      "confidence": 0.9999964814062795,
      "bbox": [
        [
          2029.0,
          197.0
        ],
        [
          2147.0,
          197.0
        ],
        [
          2147.0,
          237.0
        ],
        [
          2029.0,
          237.0
        ]
      ]
    },
    {
      "text": "Currency",
      "confidence": 0.999918360174033,
      "bbox": [
        [
          101.0,
          257.0
        ],
        [
          194.0,
          257.0
        ],
        [
          194.0,
          284.0
        ],
        [
          101.0,
          284.0
        ]
      ]
    },
    {
      "text": "Nominall",
      "confidence": 0.9999595808339232,
      "bbox": [
        [
          256.0,
          258.0
        ],
        [
          346.0,
          258.0
        ],
        [
          346.0,
          282.0
        ],
        [
          256.0,
          282.0
        ]
      ]
    },
    {
      "text": "Description",
      "confidence": 0.9999953633519636,
      "bbox": [
        [
          354.0,
          258.0
        ],
        [
          466.0,
          258.0
        ],
        [
          466.0,
          282.0
        ],
        [
          354.0,
          282.0
        ]
      ]
    },
    {
      "text": "Average Acquisition price",
      "confidence": 0.7981988811260553,
      "bbox": [
        [
          1003.0,
          258.0
        ],
        [
          1244.0,
          258.0
        ],
        [
          1244.0,
          284.0
        ],
        [
          1003.0,
          284.0
        ]
      ]
    },
    {
      "text": "Actual Price",
      "confidence": 0.7011095862231845,
      "bbox": [
        [
          1300.0,
          256.0
        ],
        [
          1419.0,
          256.0
        ],
        [
          1419.0,
          283.0
        ],
        [
          1300.0,
          283.0
        ]
      ]
    },
    {
      "text": "Perf YTD",
      "confidence": 0.9848547863164494,
      "bbox": [
        [
          1476.0,
          258.0
        ],
        [
          1564.0,
          258.0
        ],
        [
          1564.0,
          282.0
        ],
        [
          1476.0,
          282.0
        ]
      ]
    },
    {
      "text": "Perf Total ",
      "confidence": 0.6424769966356199,
      "bbox": [
        [
          1644.0,
          258.0
        ],
        [
          1738.0,
          258.0
        ],
        [
          1738.0,
          282.0
        ],
        [
          1644.0,
          282.0
        ]
      ]
    },
    {
      "text": "Valuation in price currency",
      "confidence": 0.9957521066979887,
      "bbox": [
        [
          1780.0,
          256.0
        ],
        [
          2032.0,
          256.0
        ],
        [
          2032.0,
          284.0
        ],
        [
          1780.0,
          284.0
        ]
      ]
    },
    {
      "text": "in %",
      "confidence": 0.9875424518797334,
      "bbox": [
        [
          2106.0,
          258.0
        ],
        [
          2152.0,
          258.0
        ],
        [
          2152.0,
          282.0
        ],
        [
          2106.0,
          282.0
        ]
      ]
    },
    {
      "text": "Quantity",
      "confidence": 0.9999888732063521,
      "bbox": [
        [
          262.0,
          282.0
        ],
        [
          344.0,
          282.0
        ],
        [
          344.0,
          306.0
        ],
        [
          262.0,
          306.0
        ]
      ]
    },
    {
      "text": "Average Acquisition FX Rate",
      "confidence": 0.9485942872054105,
      "bbox": [
        [
          977.0,
          281.0
        ],
        [
          1244.0,
          281.0
        ],
        [
          1244.0,
          308.0
        ],
        [
          977.0,
          308.0
        ]
      ]
    },
    {
      "text": "Actual Ex. Rate",
      "confidence": 0.7471701819138374,
      "bbox": [
        [
          1273.0,
          283.0
        ],
        [
          1417.0,
          283.0
        ],
        [
          1417.0,
          303.0
        ],
        [
          1273.0,
          303.0
        ]
      ]
    },
    {
      "text": "Perf Market",
      "confidence": 0.941320770959088,
      "bbox": [
        [
          1627.0,
          283.0
        ],
        [
          1737.0,
          283.0
        ],
        [
          1737.0,
          303.0
        ],
        [
          1627.0,
          303.0
        ]
      ]
    },
    {
      "text": "Thereof accruals",
      "confidence": 0.9947603628214349,
      "bbox": [
        [
          1870.0,
          280.0
        ],
        [
          2032.0,
          280.0
        ],
        [
          2032.0,
          304.0
        ],
        [
          1870.0,
          304.0
        ]
      ]
    },
    {
      "text": "of assets",
      "confidence": 0.9921244482805948,
      "bbox": [
        [
          2065.0,
          283.0
        ],
        [
          2151.0,
          283.0
        ],
        [
          2151.0,
          303.0
        ],
        [
          2065.0,
          303.0
        ]
      ]
    },
    {
      "text": "Price Date",
      "confidence": 0.9980274472084257,
      "bbox": [
        [
          1317.0,
          305.0
        ],
        [
          1417.0,
          305.0
        ],
        [
          1417.0,
          325.0
        ],
        [
          1317.0,
          325.0
        ]
      ]
    },
    {
      "text": "Perf Currency",
      "confidence": 0.9992827980727783,
      "bbox": [
        [
          1604.0,
          303.0
        ],
        [
          1738.0,
          303.0
        ],
        [
          1738.0,
          330.0
        ],
        [
          1604.0,
          330.0
        ]
      ]
    },
    {
      "text": "Countervalue USD",
      "confidence": 0.9324388854699032,
      "bbox": [
        [
          1857.0,
          304.0
        ],
        [
          2029.0,
          304.0
        ],
        [
          2029.0,
          325.0
        ],
        [
          1857.0,
          325.0
        ]
      ]
    },
    {
      "text": "Bonds, Bond funds, Convertible bonds, Interest options",
      "confidence": 0.885528038370517,
      "bbox": [
        [
          103.0,
          350.0
        ],
        [
          704.0,
          350.0
        ],
        [
          704.0,
          380.0
        ],
        [
          103.0,
          380.0
        ]
      ]
    },
    {
      "text": "USD",
      "confidence": 0.9999728827961868,
      "bbox": [
        [
          104.0,
          386.0
        ],
        [
          156.0,
          386.0
        ],
        [
          156.0,
          412.0
        ],
        [
          104.0,
          412.0
        ]
      ]
    },
    {
      "text": "250'000",
      "confidence": 0.8216948126041296,
      "bbox": [
        [
          260.0,
          386.0
        ],
        [
          344.0,
          386.0
        ],
        [
          344.0,
          412.0
        ],
        [
          260.0,
          412.0
        ]
      ]
    },
    {
      "text": "GOLDMAN SACHS 0% EURO MEDIUM TERM NOTES 2024-",
      "confidence": 0.9790437385565812,
      "bbox": [
        [
          356.0,
          388.0
        ],
        [
          982.0,
          388.0
        ],
        [
          982.0,
          416.0
        ],
        [
          356.0,
          416.0
        ]
      ]
    },
    {
      "text": "99.6790",
      "confidence": 0.7068073531514782,
      "bbox": [
        [
          1156.0,
          388.0
        ],
        [
          1244.0,
          388.0
        ],
        [
          1244.0,
          412.0
        ],
        [
          1156.0,
          412.0
        ]
      ]
    },
    {
      "text": "97.8700",
      "confidence": 0.9654762564382173,
      "bbox": [
        [
          1330.0,
          388.0
        ],
        [
          1418.0,
          388.0
        ],
        [
          1418.0,
          412.0
        ],
        [
          1330.0,
          412.0
        ]
      ]
    },
    {
      "text": "1.81%",
      "confidence": 0.9996426953401983,
      "bbox": [
        [
          1496.0,
          388.0
        ],
        [
          1564.0,
          388.0
        ],
        [
          1564.0,
          414.0
        ],
        [
          1496.0,
          414.0
        ]
      ]
    },
    {
      "text": "-1.81%",
      "confidence": 0.9405229474246197,
      "bbox": [
        [
          1660.0,
          388.0
        ],
        [
          1736.0,
          388.0
        ],
        [
          1736.0,
          414.0
        ],
        [
          1660.0,
          414.0
        ]
      ]
    },
    {
      "text": "244'675",
      "confidence": 0.6377643812883191,
      "bbox": [
        [
          1946.0,
          386.0
        ],
        [
          2030.0,
          386.0
        ],
        [
          2030.0,
          412.0
        ],
        [
          1946.0,
          412.0
        ]
      ]
    },
    {
      "text": "1.25%",
      "confidence": 0.997716688695688,
      "bbox": [
        [
          2086.0,
          388.0
        ],
        [
          2152.0,
          388.0
        ],
        [
          2152.0,
          412.0
        ],
        [
          2086.0,
          412.0
        ]
      ]
    },
    {
      "text": "18.11.2034",
      "confidence": 0.9990002412090145,
      "bbox": [
        [
          356.0,
          414.0
        ],
        [
          472.0,
          414.0
        ],
        [
          472.0,
          438.0
        ],
        [
          356.0,
          438.0
        ]
      ]
    },
    {
      "text": "ISIN: XS2829752976",
      "confidence": 0.6432552551177252,
      "bbox": [
        [
          354.0,
          440.0
        ],
        [
          570.0,
          440.0
        ],
        [
          570.0,
          466.0
        ],
        [
          354.0,
          466.0
        ]
      ]
    },
    {
      "text": "Valorn:: 138874416",
      "confidence": 0.6093209163327304,
      "bbox": [
        [
          602.0,
          440.0
        ],
        [
          800.0,
          440.0
        ],
        [
          800.0,
          466.0
        ],
        [
          602.0,
          466.0
        ]
      ]
    },
    {
      "text": "27.02.2025",
      "confidence": 0.8115946923288823,
      "bbox": [
        [
          1300.0,
          436.0
        ],
        [
          1418.0,
          436.0
        ],
        [
          1418.0,
          462.0
        ],
        [
          1300.0,
          462.0
        ]
      ]
    },
    {
      "text": "Ordinary Bonds",
      "confidence": 0.9689501308893707,
      "bbox": [
        [
          354.0,
          463.0
        ],
        [
          516.0,
          463.0
        ],
        [
          516.0,
          494.0
        ],
        [
          354.0,
          494.0
        ]
      ]
    },
    {
      "text": "Maturity: 18.11.2034",
      "confidence": 0.9727564784236544,
      "bbox": [
        [
          547.0,
          462.0
        ],
        [
          754.0,
          462.0
        ],
        [
          754.0,
          495.0
        ],
        [
          547.0,
          495.0
        ]
      ]
    },
    {
      "text": "YTM: 5.49",
      "confidence": 0.9107900656154679,
      "bbox": [
        [
          356.0,
          492.0
        ],
        [
          464.0,
          492.0
        ],
        [
          464.0,
          516.0
        ],
        [
          356.0,
          516.0
        ]
      ]
    },
    {
      "text": "PRC: 4.00",
      "confidence": 0.6986649582334898,
      "bbox": [
        [
          496.0,
          492.0
        ],
        [
          606.0,
          492.0
        ],
        [
          606.0,
          516.0
        ],
        [
          496.0,
          516.0
        ]
      ]
    },
    {
      "text": "USD",
      "confidence": 0.9999807288805623,
      "bbox": [
        [
          104.0,
          528.0
        ],
        [
          156.0,
          528.0
        ],
        [
          156.0,
          554.0
        ],
        [
          104.0,
          554.0
        ]
      ]
    },
    {
      "text": "150'000",
      "confidence": 0.6121070396316542,
      "bbox": [
        [
          260.0,
          528.0
        ],
        [
          344.0,
          528.0
        ],
        [
          344.0,
          554.0
        ],
        [
          260.0,
          554.0
        ]
      ]
    },
    {
      "text": "BANK OF AMERICA 0 % NOTES 2024-11.12.34 REG $",
      "confidence": 0.7464110510828691,
      "bbox": [
        [
          356.0,
          528.0
        ],
        [
          922.0,
          528.0
        ],
        [
          922.0,
          554.0
        ],
        [
          356.0,
          554.0
        ]
      ]
    },
    {
      "text": "99.1980",
      "confidence": 0.9930737531733212,
      "bbox": [
        [
          1158.0,
          528.0
        ],
        [
          1244.0,
          528.0
        ],
        [
          1244.0,
          554.0
        ],
        [
          1158.0,
          554.0
        ]
      ]
    },
    {
      "text": "98.7200",
      "confidence": 0.9999790484816531,
      "bbox": [
        [
          1330.0,
          528.0
        ],
        [
          1416.0,
          528.0
        ],
        [
          1416.0,
          554.0
        ],
        [
          1330.0,
          554.0
        ]
      ]
    },
    {
      "text": "2.91%",
      "confidence": 0.9983970098598668,
      "bbox": [
        [
          1494.0,
          528.0
        ],
        [
          1564.0,
          528.0
        ],
        [
          1564.0,
          554.0
        ],
        [
          1494.0,
          554.0
        ]
      ]
    },
    {
      "text": "-0.48%",
      "confidence": 0.9480419958161663,
      "bbox": [
        [
          1660.0,
          528.0
        ],
        [
          1738.0,
          528.0
        ],
        [
          1738.0,
          554.0
        ],
        [
          1660.0,
          554.0
        ]
      ]
    },
    {
      "text": "148'080",
      "confidence": 0.6781185027081515,
      "bbox": [
        [
          1948.0,
          528.0
        ],
        [
          2030.0,
          528.0
        ],
        [
          2030.0,
          554.0
        ],
        [
          1948.0,
          554.0
        ]
      ]
    },
    {
      "text": "0.76%",
      "confidence": 0.9990120174262977,
      "bbox": [
        [
          2084.0,
          528.0
        ],
        [
          2152.0,
          528.0
        ],
        [
          2152.0,
          554.0
        ],
        [
          2084.0,
          554.0
        ]
      ]
    },
    {
      "text": "ISIN: XS2953741100",
      "confidence": 0.8706940973707631,
      "bbox": [
        [
          354.0,
          554.0
        ],
        [
          568.0,
          554.0
        ],
        [
          568.0,
          578.0
        ],
        [
          354.0,
          578.0
        ]
      ]
    },
    {
      "text": "Valorn : 138494467",
      "confidence": 0.5130417109043938,
      "bbox": [
        [
          600.0,
          554.0
        ],
        [
          798.0,
          554.0
        ],
        [
          798.0,
          578.0
        ],
        [
          600.0,
          578.0
        ]
      ]
    },
    {
      "text": "Zero Bonds",
      "confidence": 0.7941660316435067,
      "bbox": [
        [
          354.0,
          580.0
        ],
        [
          476.0,
          580.0
        ],
        [
          476.0,
          604.0
        ],
        [
          354.0,
          604.0
        ]
      ]
    },
    {
      "text": "Maturity: 11.12.2034",
      "confidence": 0.900336338082704,
      "bbox": [
        [
          510.0,
          580.0
        ],
        [
          716.0,
          580.0
        ],
        [
          716.0,
          608.0
        ],
        [
          510.0,
          608.0
        ]
      ]
    },
    {
      "text": "27.02.2025",
      "confidence": 0.7149096294521923,
      "bbox": [
        [
          1300.0,
          578.0
        ],
        [
          1418.0,
          578.0
        ],
        [
          1418.0,
          604.0
        ],
        [
          1300.0,
          604.0
        ]
      ]
    },
    {
      "text": "YTM: 5.13",
      "confidence": 0.9262127617612869,
      "bbox": [
        [
          356.0,
          604.0
        ],
        [
          464.0,
          604.0
        ],
        [
          464.0,
          630.0
        ],
        [
          356.0,
          630.0
        ]
      ]
    },
    {
      "text": "Il PRC: 4.00",
      "confidence": 0.528292059742998,
      "bbox": [
        [
          470.0,
          604.0
        ],
        [
          604.0,
          604.0
        ],
        [
          604.0,
          630.0
        ],
        [
          470.0,
          630.0
        ]
      ]
    },
    {
      "text": "USD",
      "confidence": 0.9999785952953981,
      "bbox": [
        [
          104.0,
          642.0
        ],
        [
          156.0,
          642.0
        ],
        [
          156.0,
          666.0
        ],
        [
          104.0,
          666.0
        ]
      ]
    },
    {
      "text": "500'00",
      "confidence": 0.9910191072931934,
      "bbox": [
        [
          260.0,
          642.0
        ],
        [
          344.0,
          642.0
        ],
        [
          344.0,
          666.0
        ],
        [
          260.0,
          666.0
        ]
      ]
    },
    {
      "text": "JPMORGAN CHASE 0% NOTES 2024-19.12.2034",
      "confidence": 0.4804449360400761,
      "bbox": [
        [
          355.0,
          641.0
        ],
        [
          868.0,
          641.0
        ],
        [
          868.0,
          668.0
        ],
        [
          355.0,
          668.0
        ]
      ]
    },
    {
      "text": "100.2000",
      "confidence": 0.9602186845952523,
      "bbox": [
        [
          1146.0,
          642.0
        ],
        [
          1244.0,
          642.0
        ],
        [
          1244.0,
          666.0
        ],
        [
          1146.0,
          666.0
        ]
      ]
    },
    {
      "text": "103.8400",
      "confidence": 0.8236606514709981,
      "bbox": [
        [
          1320.0,
          642.0
        ],
        [
          1416.0,
          642.0
        ],
        [
          1416.0,
          666.0
        ],
        [
          1320.0,
          666.0
        ]
      ]
    },
    {
      "text": "6.51%",
      "confidence": 0.9995739729752902,
      "bbox": [
        [
          1496.0,
          642.0
        ],
        [
          1564.0,
          642.0
        ],
        [
          1564.0,
          668.0
        ],
        [
          1496.0,
          668.0
        ]
      ]
    },
    {
      "text": "3.63%",
      "confidence": 0.9977792100067294,
      "bbox": [
        [
          1668.0,
          642.0
        ],
        [
          1738.0,
          642.0
        ],
        [
          1738.0,
          668.0
        ],
        [
          1668.0,
          668.0
        ]
      ]
    },
    {
      "text": "519'200",
      "confidence": 0.46586409746452406,
      "bbox": [
        [
          1946.0,
          642.0
        ],
        [
          2030.0,
          642.0
        ],
        [
          2030.0,
          666.0
        ],
        [
          1946.0,
          666.0
        ]
      ]
    },
    {
      "text": "2.66%",
      "confidence": 0.9968435000864132,
      "bbox": [
        [
          2084.0,
          642.0
        ],
        [
          2152.0,
          642.0
        ],
        [
          2152.0,
          666.0
        ],
        [
          2084.0,
          666.0
        ]
      ]
    },
    {
      "text": "ISIN: XS2381717250",
      "confidence": 0.6832779617047576,
      "bbox": [
        [
          354.0,
          666.0
        ],
        [
          570.0,
          666.0
        ],
        [
          570.0,
          692.0
        ],
        [
          354.0,
          692.0
        ]
      ]
    },
    {
      "text": "Valorn:: 128883267",
      "confidence": 0.8543793195108761,
      "bbox": [
        [
          602.0,
          666.0
        ],
        [
          800.0,
          666.0
        ],
        [
          800.0,
          692.0
        ],
        [
          602.0,
          692.0
        ]
      ]
    },
    {
      "text": "Zero Bonds",
      "confidence": 0.7888261153915841,
      "bbox": [
        [
          354.0,
          692.0
        ],
        [
          476.0,
          692.0
        ],
        [
          476.0,
          718.0
        ],
        [
          354.0,
          718.0
        ]
      ]
    },
    {
      "text": "Maturity: 19.12.2034",
      "confidence": 0.6320773794341403,
      "bbox": [
        [
          508.0,
          692.0
        ],
        [
          716.0,
          692.0
        ],
        [
          716.0,
          720.0
        ],
        [
          508.0,
          720.0
        ]
      ]
    },
    {
      "text": "26.02.2025",
      "confidence": 0.6773665624386402,
      "bbox": [
        [
          1300.0,
          692.0
        ],
        [
          1418.0,
          692.0
        ],
        [
          1418.0,
          718.0
        ],
        [
          1300.0,
          718.0
        ]
      ]
    },
    {
      "text": "PRC: 4.00",
      "confidence": 0.9987203420496874,
      "bbox": [
        [
          356.0,
          718.0
        ],
        [
          464.0,
          718.0
        ],
        [
          464.0,
          742.0
        ],
        [
          356.0,
          742.0
        ]
      ]
    },
    {
      "text": "USD",
      "confidence": 0.9999790082473178,
      "bbox": [
        [
          104.0,
          754.0
        ],
        [
          156.0,
          754.0
        ],
        [
          156.0,
          780.0
        ],
        [
          104.0,
          780.0
        ]
      ]
    },
    {
      "text": "50'000",
      "confidence": 0.9680378286040837,
      "bbox": [
        [
          272.0,
          754.0
        ],
        [
          344.0,
          754.0
        ],
        [
          344.0,
          780.0
        ],
        [
          272.0,
          780.0
        ]
      ]
    },
    {
      "text": "GOLDMAN SACHS 0% NOTES 2025-03.02.2035",
      "confidence": 0.8477101381361476,
      "bbox": [
        [
          356.0,
          754.0
        ],
        [
          854.0,
          754.0
        ],
        [
          854.0,
          780.0
        ],
        [
          356.0,
          780.0
        ]
      ]
    },
    {
      "text": "100.1000",
      "confidence": 0.9999667880549262,
      "bbox": [
        [
          1146.0,
          754.0
        ],
        [
          1244.0,
          754.0
        ],
        [
          1244.0,
          780.0
        ],
        [
          1146.0,
          780.0
        ]
      ]
    },
    {
      "text": "100.8900",
      "confidence": 0.9662480745280407,
      "bbox": [
        [
          1320.0,
          754.0
        ],
        [
          1416.0,
          754.0
        ],
        [
          1416.0,
          780.0
        ],
        [
          1320.0,
          780.0
        ]
      ]
    },
    {
      "text": "0.79%",
      "confidence": 0.8215609249525012,
      "bbox": [
        [
          1494.0,
          756.0
        ],
        [
          1564.0,
          756.0
        ],
        [
          1564.0,
          780.0
        ],
        [
          1494.0,
          780.0
        ]
      ]
    },
    {
      "text": "0.79%",
      "confidence": 0.998259557032066,
      "bbox": [
        [
          1668.0,
          756.0
        ],
        [
          1738.0,
          756.0
        ],
        [
          1738.0,
          780.0
        ],
        [
          1668.0,
          780.0
        ]
      ]
    },
    {
      "text": "50'445",
      "confidence": 0.9824646695799693,
      "bbox": [
        [
          1958.0,
          754.0
        ],
        [
          2030.0,
          754.0
        ],
        [
          2030.0,
          780.0
        ],
        [
          1958.0,
          780.0
        ]
      ]
    },
    {
      "text": "0.26%",
      "confidence": 0.9980213599364265,
      "bbox": [
        [
          2084.0,
          754.0
        ],
        [
          2152.0,
          754.0
        ],
        [
          2152.0,
          780.0
        ],
        [
          2084.0,
          780.0
        ]
      ]
    },
    {
      "text": "ISIN: XS2481066111",
      "confidence": 0.7787247039722401,
      "bbox": [
        [
          354.0,
          780.0
        ],
        [
          566.0,
          780.0
        ],
        [
          566.0,
          806.0
        ],
        [
          354.0,
          806.0
        ]
      ]
    },
    {
      "text": "Il Valorn:: 126294402",
      "confidence": 0.4182396883470458,
      "bbox": [
        [
          572.0,
          780.0
        ],
        [
          795.0,
          780.0
        ],
        [
          795.0,
          806.0
        ],
        [
          572.0,
          806.0
        ]
      ]
    },
    {
      "text": "Zero Bonds",
      "confidence": 0.7941660316435067,
      "bbox": [
        [
          354.0,
          806.0
        ],
        [
          476.0,
          806.0
        ],
        [
          476.0,
          830.0
        ],
        [
          354.0,
          830.0
        ]
      ]
    },
    {
      "text": "Maturity: 03.02.2035",
      "confidence": 0.7629977869220734,
      "bbox": [
        [
          509.0,
          804.0
        ],
        [
          718.0,
          804.0
        ],
        [
          718.0,
          832.0
        ],
        [
          509.0,
          832.0
        ]
      ]
    },
    {
      "text": "28.02.2025",
      "confidence": 0.7508759759457657,
      "bbox": [
        [
          1300.0,
          804.0
        ],
        [
          1418.0,
          804.0
        ],
        [
          1418.0,
          830.0
        ],
        [
          1300.0,
          830.0
        ]
      ]
    },
    {
      "text": "YTM: -0.09",
      "confidence": 0.9801610156008554,
      "bbox": [
        [
          356.0,
          832.0
        ],
        [
          472.0,
          832.0
        ],
        [
          472.0,
          856.0
        ],
        [
          356.0,
          856.0
        ]
      ]
    },
    {
      "text": "PRC: 3.69",
      "confidence": 0.706906000745469,
      "bbox": [
        [
          504.0,
          832.0
        ],
        [
          612.0,
          832.0
        ],
        [
          612.0,
          856.0
        ],
        [
          504.0,
          856.0
        ]
      ]
    },
    {
      "text": "USD",
      "confidence": 0.9999822430381455,
      "bbox": [
        [
          104.0,
          868.0
        ],
        [
          154.0,
          868.0
        ],
        [
          154.0,
          894.0
        ],
        [
          104.0,
          894.0
        ]
      ]
    },
    {
      "text": "1'470'000",
      "confidence": 0.9615772865360548,
      "bbox": [
        [
          244.0,
          868.0
        ],
        [
          344.0,
          868.0
        ],
        [
          344.0,
          894.0
        ],
        [
          244.0,
          894.0
        ]
      ]
    },
    {
      "text": "DEUTSCHE BANK 0 % NOTES 2025-14.02.35",
      "confidence": 0.9047746687385999,
      "bbox": [
        [
          356.0,
          868.0
        ],
        [
          830.0,
          868.0
        ],
        [
          830.0,
          894.0
        ],
        [
          356.0,
          894.0
        ]
      ]
    },
    {
      "text": "100.0000",
      "confidence": 0.9971447160639395,
      "bbox": [
        [
          1146.0,
          868.0
        ],
        [
          1244.0,
          868.0
        ],
        [
          1244.0,
          894.0
        ],
        [
          1146.0,
          894.0
        ]
      ]
    },
    {
      "text": "101.2500",
      "confidence": 0.7390386255860749,
      "bbox": [
        [
          1320.0,
          868.0
        ],
        [
          1416.0,
          868.0
        ],
        [
          1416.0,
          894.0
        ],
        [
          1320.0,
          894.0
        ]
      ]
    },
    {
      "text": "1.25%",
      "confidence": 0.7031630821600433,
      "bbox": [
        [
          1496.0,
          870.0
        ],
        [
          1564.0,
          870.0
        ],
        [
          1564.0,
          894.0
        ],
        [
          1496.0,
          894.0
        ]
      ]
    },
    {
      "text": "1.25%/",
      "confidence": 0.5878834367094986,
      "bbox": [
        [
          1670.0,
          870.0
        ],
        [
          1738.0,
          870.0
        ],
        [
          1738.0,
          894.0
        ],
        [
          1670.0,
          894.0
        ]
      ]
    },
    {
      "text": "1'488'375",
      "confidence": 0.809830726570906,
      "bbox": [
        [
          1930.0,
          868.0
        ],
        [
          2030.0,
          868.0
        ],
        [
          2030.0,
          894.0
        ],
        [
          1930.0,
          894.0
        ]
      ]
    },
    {
      "text": "7.63%",
      "confidence": 0.6658184743125027,
      "bbox": [
        [
          2084.0,
          868.0
        ],
        [
          2152.0,
          868.0
        ],
        [
          2152.0,
          894.0
        ],
        [
          2084.0,
          894.0
        ]
      ]
    },
    {
      "text": "ISIN: XS2964611052",
      "confidence": 0.9883827963779396,
      "bbox": [
        [
          354.0,
          894.0
        ],
        [
          568.0,
          894.0
        ],
        [
          568.0,
          918.0
        ],
        [
          354.0,
          918.0
        ]
      ]
    },
    {
      "text": "Valorn:: 141235167",
      "confidence": 0.5956074195806794,
      "bbox": [
        [
          600.0,
          892.0
        ],
        [
          798.0,
          892.0
        ],
        [
          798.0,
          918.0
        ],
        [
          600.0,
          918.0
        ]
      ]
    },
    {
      "text": "Zero Bonds",
      "confidence": 0.7941660316435067,
      "bbox": [
        [
          354.0,
          920.0
        ],
        [
          476.0,
          920.0
        ],
        [
          476.0,
          944.0
        ],
        [
          354.0,
          944.0
        ]
      ]
    },
    {
      "text": "Maturity: 14.02.2035",
      "confidence": 0.8703066344140349,
      "bbox": [
        [
          509.0,
          918.0
        ],
        [
          718.0,
          918.0
        ],
        [
          718.0,
          946.0
        ],
        [
          509.0,
          946.0
        ]
      ]
    },
    {
      "text": "27.02.2025",
      "confidence": 0.7149096294521923,
      "bbox": [
        [
          1300.0,
          918.0
        ],
        [
          1418.0,
          918.0
        ],
        [
          1418.0,
          944.0
        ],
        [
          1300.0,
          944.0
        ]
      ]
    },
    {
      "text": "YTM: 5.31",
      "confidence": 0.7676542864338719,
      "bbox": [
        [
          355.0,
          942.0
        ],
        [
          462.0,
          942.0
        ],
        [
          462.0,
          970.0
        ],
        [
          355.0,
          970.0
        ]
      ]
    },
    {
      "text": "PRC: 4.00",
      "confidence": 0.7045535121863487,
      "bbox": [
        [
          496.0,
          944.0
        ],
        [
          604.0,
          944.0
        ],
        [
          604.0,
          970.0
        ],
        [
          496.0,
          970.0
        ]
      ]
    },
    {
      "text": "USD",
      "confidence": 0.9999821742127942,
      "bbox": [
        [
          104.0,
          982.0
        ],
        [
          154.0,
          982.0
        ],
        [
          154.0,
          1006.0
        ],
        [
          104.0,
          1006.0
        ]
      ]
    },
    {
      "text": "2'581.79",
      "confidence": 0.6204442966764253,
      "bbox": [
        [
          252.0,
          982.0
        ],
        [
          344.0,
          982.0
        ],
        [
          344.0,
          1006.0
        ],
        [
          252.0,
          1006.0
        ]
      ]
    },
    {
      "text": "PREMIUM ALT.S.A SICAV-SIF",
      "confidence": 0.8199400432299372,
      "bbox": [
        [
          355.0,
          982.0
        ],
        [
          680.0,
          982.0
        ],
        [
          680.0,
          1008.0
        ],
        [
          355.0,
          1008.0
        ]
      ]
    },
    {
      "text": "COMMERCIAL FINANCE OPP XB",
      "confidence": 0.770439539634416,
      "bbox": [
        [
          694.0,
          982.0
        ],
        [
          1048.0,
          982.0
        ],
        [
          1048.0,
          1008.0
        ],
        [
          694.0,
          1008.0
        ]
      ]
    },
    {
      "text": "81.5304",
      "confidence": 0.8480656735423867,
      "bbox": [
        [
          1158.0,
          982.0
        ],
        [
          1244.0,
          982.0
        ],
        [
          1244.0,
          1006.0
        ],
        [
          1158.0,
          1006.0
        ]
      ]
    },
    {
      "text": "44.7800",
      "confidence": 0.9074109693790406,
      "bbox": [
        [
          1330.0,
          982.0
        ],
        [
          1416.0,
          982.0
        ],
        [
          1416.0,
          1006.0
        ],
        [
          1330.0,
          1006.0
        ]
      ]
    },
    {
      "text": "0.00%",
      "confidence": 0.9993616178766126,
      "bbox": [
        [
          1496.0,
          982.0
        ],
        [
          1564.0,
          982.0
        ],
        [
          1564.0,
          1008.0
        ],
        [
          1496.0,
          1008.0
        ]
      ]
    },
    {
      "text": "45.08%",
      "confidence": 0.9689411744560061,
      "bbox": [
        [
          1654.0,
          982.0
        ],
        [
          1738.0,
          982.0
        ],
        [
          1738.0,
          1008.0
        ],
        [
          1654.0,
          1008.0
        ]
      ]
    },
    {
      "text": "115'613",
      "confidence": 0.6907002727823818,
      "bbox": [
        [
          1946.0,
          982.0
        ],
        [
          2030.0,
          982.0
        ],
        [
          2030.0,
          1006.0
        ],
        [
          1946.0,
          1006.0
        ]
      ]
    },
    {
      "text": "0.59%",
      "confidence": 0.9995947123668202,
      "bbox": [
        [
          2084.0,
          982.0
        ],
        [
          2152.0,
          982.0
        ],
        [
          2152.0,
          1006.0
        ],
        [
          2084.0,
          1006.0
        ]
      ]
    },
    {
      "text": "SP",
      "confidence": 0.99960771967364,
      "bbox": [
        [
          354.0,
          1008.0
        ],
        [
          390.0,
          1008.0
        ],
        [
          390.0,
          1032.0
        ],
        [
          354.0,
          1032.0
        ]
      ]
    },
    {
      "text": "ISIN: LU2228214107",
      "confidence": 0.6922549041126027,
      "bbox": [
        [
          354.0,
          1034.0
        ],
        [
          568.0,
          1034.0
        ],
        [
          568.0,
          1060.0
        ],
        [
          354.0,
          1060.0
        ]
      ]
    },
    {
      "text": "Il Valorn : 57282891",
      "confidence": 0.5360285479829416,
      "bbox": [
        [
          574.0,
          1034.0
        ],
        [
          784.0,
          1034.0
        ],
        [
          784.0,
          1060.0
        ],
        [
          574.0,
          1060.0
        ]
      ]
    },
    {
      "text": "13.09.2024",
      "confidence": 0.9998083400823206,
      "bbox": [
        [
          1302.0,
          1032.0
        ],
        [
          1418.0,
          1032.0
        ],
        [
          1418.0,
          1058.0
        ],
        [
          1302.0,
          1058.0
        ]
      ]
    },
    {
      "text": "Bond Funds",
      "confidence": 0.8710096501118605,
      "bbox": [
        [
          356.0,
          1060.0
        ],
        [
          482.0,
          1060.0
        ],
        [
          482.0,
          1086.0
        ],
        [
          356.0,
          1086.0
        ]
      ]
    },
    {
      "text": "Certificates",
      "confidence": 0.9999969716739652,
      "bbox": [
        [
          494.0,
          1060.0
        ],
        [
          612.0,
          1060.0
        ],
        [
          612.0,
          1086.0
        ],
        [
          494.0,
          1086.0
        ]
      ]
    },
    {
      "text": "PRC: 4.00",
      "confidence": 0.9987203420496874,
      "bbox": [
        [
          356.0,
          1086.0
        ],
        [
          464.0,
          1086.0
        ],
        [
          464.0,
          1110.0
        ],
        [
          356.0,
          1110.0
        ]
      ]
    },
    {
      "text": "USD",
      "confidence": 0.9999807288805623,
      "bbox": [
        [
          104.0,
          1122.0
        ],
        [
          156.0,
          1122.0
        ],
        [
          156.0,
          1148.0
        ],
        [
          104.0,
          1148.0
        ]
      ]
    },
    {
      "text": "350'00",
      "confidence": 0.9888576617175512,
      "bbox": [
        [
          260.0,
          1122.0
        ],
        [
          344.0,
          1122.0
        ],
        [
          344.0,
          1148.0
        ],
        [
          260.0,
          1148.0
        ]
      ]
    },
    {
      "text": "BK JULIUS BAER CAPPROT.(3,25% MIN.4,5% MAX)23-26.05.28",
      "confidence": 0.7663273613666356,
      "bbox": [
        [
          356.0,
          1122.0
        ],
        [
          1030.0,
          1122.0
        ],
        [
          1030.0,
          1152.0
        ],
        [
          356.0,
          1152.0
        ]
      ]
    },
    {
      "text": "100.6237",
      "confidence": 0.9999657469041487,
      "bbox": [
        [
          1146.0,
          1122.0
        ],
        [
          1242.0,
          1122.0
        ],
        [
          1242.0,
          1148.0
        ],
        [
          1146.0,
          1148.0
        ]
      ]
    },
    {
      "text": "97.4500",
      "confidence": 0.7073580450791305,
      "bbox": [
        [
          1330.0,
          1122.0
        ],
        [
          1418.0,
          1122.0
        ],
        [
          1418.0,
          1148.0
        ],
        [
          1330.0,
          1148.0
        ]
      ]
    },
    {
      "text": "0.98%",
      "confidence": 0.6507783307161679,
      "bbox": [
        [
          1494.0,
          1124.0
        ],
        [
          1564.0,
          1124.0
        ],
        [
          1564.0,
          1148.0
        ],
        [
          1494.0,
          1148.0
        ]
      ]
    },
    {
      "text": "33.15%",
      "confidence": 0.6708551982474223,
      "bbox": [
        [
          1662.0,
          1124.0
        ],
        [
          1738.0,
          1124.0
        ],
        [
          1738.0,
          1148.0
        ],
        [
          1662.0,
          1148.0
        ]
      ]
    },
    {
      "text": "341'138",
      "confidence": 0.42324833706017373,
      "bbox": [
        [
          1946.0,
          1122.0
        ],
        [
          2030.0,
          1122.0
        ],
        [
          2030.0,
          1148.0
        ],
        [
          1946.0,
          1148.0
        ]
      ]
    },
    {
      "text": "1.75%",
      "confidence": 0.5354242679216448,
      "bbox": [
        [
          2086.0,
          1122.0
        ],
        [
          2152.0,
          1122.0
        ],
        [
          2152.0,
          1148.0
        ],
        [
          2086.0,
          1148.0
        ]
      ]
    },
    {
      "text": "VRN",
      "confidence": 0.9998956612479264,
      "bbox": [
        [
          356.0,
          1148.0
        ],
        [
          408.0,
          1148.0
        ],
        [
          408.0,
          1174.0
        ],
        [
          356.0,
          1174.0
        ]
      ]
    },
    {
      "text": "63",
      "confidence": 0.9974320115972943,
      "bbox": [
        [
          2000.0,
          1148.0
        ],
        [
          2030.0,
          1148.0
        ],
        [
          2030.0,
          1172.0
        ],
        [
          2000.0,
          1172.0
        ]
      ]
    },
    {
      "text": "ISIN: CH1269060229",
      "confidence": 0.9941184672976761,
      "bbox": [
        [
          354.0,
          1176.0
        ],
        [
          572.0,
          1176.0
        ],
        [
          572.0,
          1200.0
        ],
        [
          354.0,
          1200.0
        ]
      ]
    },
    {
      "text": "Valorn:: 126906022",
      "confidence": 0.6955708171829421,
      "bbox": [
        [
          604.0,
          1174.0
        ],
        [
          802.0,
          1174.0
        ],
        [
          802.0,
          1202.0
        ],
        [
          604.0,
          1202.0
        ]
      ]
    },
    {
      "text": "28.02.2025",
      "confidence": 0.8982766154960858,
      "bbox": [
        [
          1300.0,
          1174.0
        ],
        [
          1418.0,
          1174.0
        ],
        [
          1418.0,
          1198.0
        ],
        [
          1300.0,
          1198.0
        ]
      ]
    },
    {
      "text": "Structured Bonds",
      "confidence": 0.999924969075589,
      "bbox": [
        [
          354.0,
          1202.0
        ],
        [
          534.0,
          1202.0
        ],
        [
          534.0,
          1226.0
        ],
        [
          354.0,
          1226.0
        ]
      ]
    },
    {
      "text": "Maturity: 26.05.2028",
      "confidence": 0.9995460597172192,
      "bbox": [
        [
          566.0,
          1202.0
        ],
        [
          776.0,
          1202.0
        ],
        [
          776.0,
          1228.0
        ],
        [
          566.0,
          1228.0
        ]
      ]
    },
    {
      "text": "Coupon: 26.5 I/ Quarterly",
      "confidence": 0.5943821055962151,
      "bbox": [
        [
          355.0,
          1225.0
        ],
        [
          624.0,
          1225.0
        ],
        [
          624.0,
          1255.0
        ],
        [
          355.0,
          1255.0
        ]
      ]
    },
    {
      "text": "3.25% Il Days: 2",
      "confidence": 0.758546168013423,
      "bbox": [
        [
          632.0,
          1226.0
        ],
        [
          814.0,
          1226.0
        ],
        [
          814.0,
          1255.0
        ],
        [
          632.0,
          1255.0
        ]
      ]
    },
    {
      "text": "PRC: 3.00",
      "confidence": 0.6499194039402617,
      "bbox": [
        [
          356.0,
          1252.0
        ],
        [
          464.0,
          1252.0
        ],
        [
          464.0,
          1278.0
        ],
        [
          356.0,
          1278.0
        ]
      ]
    },
    {
      "text": "Price to be verified",
      "confidence": 0.8064266434285936,
      "bbox": [
        [
          356.0,
          1278.0
        ],
        [
          546.0,
          1278.0
        ],
        [
          546.0,
          1302.0
        ],
        [
          356.0,
          1302.0
        ]
      ]
    },
    {
      "text": "USD",
      "confidence": 0.9999790082473178,
      "bbox": [
        [
          104.0,
          1314.0
        ],
        [
          156.0,
          1314.0
        ],
        [
          156.0,
          1340.0
        ],
        [
          104.0,
          1340.0
        ]
      ]
    },
    {
      "text": "690'000",
      "confidence": 0.6052751281450773,
      "bbox": [
        [
          260.0,
          1314.0
        ],
        [
          344.0,
          1314.0
        ],
        [
          344.0,
          1340.0
        ],
        [
          260.0,
          1340.0
        ]
      ]
    },
    {
      "text": "DEUTSCHE BANK NOTES 23-08.11.28 VRN",
      "confidence": 0.7762981964047816,
      "bbox": [
        [
          356.0,
          1314.0
        ],
        [
          812.0,
          1314.0
        ],
        [
          812.0,
          1340.0
        ],
        [
          356.0,
          1340.0
        ]
      ]
    },
    {
      "text": "100.1000",
      "confidence": 0.9999667880549262,
      "bbox": [
        [
          1146.0,
          1314.0
        ],
        [
          1244.0,
          1314.0
        ],
        [
          1244.0,
          1340.0
        ],
        [
          1146.0,
          1340.0
        ]
      ]
    },
    {
      "text": "100.2700",
      "confidence": 0.7819313867938672,
      "bbox": [
        [
          1320.0,
          1314.0
        ],
        [
          1418.0,
          1314.0
        ],
        [
          1418.0,
          1340.0
        ],
        [
          1320.0,
          1340.0
        ]
      ]
    },
    {
      "text": "0.92%",
      "confidence": 0.7325415401869723,
      "bbox": [
        [
          1494.0,
          1316.0
        ],
        [
          1564.0,
          1316.0
        ],
        [
          1564.0,
          1340.0
        ],
        [
          1494.0,
          1340.0
        ]
      ]
    },
    {
      "text": "0.17%",
      "confidence": 0.9984016082515659,
      "bbox": [
        [
          1668.0,
          1316.0
        ],
        [
          1736.0,
          1316.0
        ],
        [
          1736.0,
          1340.0
        ],
        [
          1668.0,
          1340.0
        ]
      ]
    },
    {
      "text": "703'670",
      "confidence": 0.7384809188267109,
      "bbox": [
        [
          1946.0,
          1314.0
        ],
        [
          2030.0,
          1314.0
        ],
        [
          2030.0,
          1340.0
        ],
        [
          1946.0,
          1340.0
        ]
      ]
    },
    {
      "text": "3.61%",
      "confidence": 0.6266887155530677,
      "bbox": [
        [
          2084.0,
          1314.0
        ],
        [
          2152.0,
          1314.0
        ],
        [
          2152.0,
          1340.0
        ],
        [
          2084.0,
          1340.0
        ]
      ]
    },
    {
      "text": "ISIN: XS0461497009",
      "confidence": 0.8307982321396222,
      "bbox": [
        [
          354.0,
          1338.0
        ],
        [
          570.0,
          1338.0
        ],
        [
          570.0,
          1364.0
        ],
        [
          354.0,
          1364.0
        ]
      ]
    },
    {
      "text": "Valorn =",
      "confidence": 0.5533477413378242,
      "bbox": [
        [
          602.0,
          1340.0
        ],
        [
          678.0,
          1340.0
        ],
        [
          678.0,
          1364.0
        ],
        [
          602.0,
          1364.0
        ]
      ]
    },
    {
      "text": "130269069",
      "confidence": 0.9999965429276152,
      "bbox": [
        [
          684.0,
          1340.0
        ],
        [
          800.0,
          1340.0
        ],
        [
          800.0,
          1364.0
        ],
        [
          684.0,
          1364.0
        ]
      ]
    },
    {
      "text": "11'807",
      "confidence": 0.9950305117712297,
      "bbox": [
        [
          1960.0,
          1340.0
        ],
        [
          2030.0,
          1340.0
        ],
        [
          2030.0,
          1366.0
        ],
        [
          1960.0,
          1366.0
        ]
      ]
    },
    {
      "text": "Ordinary Bonds",
      "confidence": 0.9979995447570588,
      "bbox": [
        [
          353.0,
          1362.0
        ],
        [
          516.0,
          1362.0
        ],
        [
          516.0,
          1394.0
        ],
        [
          353.0,
          1394.0
        ]
      ]
    },
    {
      "text": "Maturity: 08.11.2028",
      "confidence": 0.7932396990658785,
      "bbox": [
        [
          548.0,
          1366.0
        ],
        [
          754.0,
          1366.0
        ],
        [
          754.0,
          1394.0
        ],
        [
          548.0,
          1394.0
        ]
      ]
    },
    {
      "text": "27.02.2025",
      "confidence": 0.8115946923288823,
      "bbox": [
        [
          1300.0,
          1364.0
        ],
        [
          1418.0,
          1364.0
        ],
        [
          1418.0,
          1390.0
        ],
        [
          1300.0,
          1390.0
        ]
      ]
    },
    {
      "text": "Coupon: 8.11",
      "confidence": 0.8899778382731877,
      "bbox": [
        [
          353.0,
          1391.0
        ],
        [
          490.0,
          1391.0
        ],
        [
          490.0,
          1419.0
        ],
        [
          353.0,
          1419.0
        ]
      ]
    },
    {
      "text": "Annual",
      "confidence": 0.9885195770086037,
      "bbox": [
        [
          524.0,
          1392.0
        ],
        [
          598.0,
          1392.0
        ],
        [
          598.0,
          1416.0
        ],
        [
          524.0,
          1416.0
        ]
      ]
    },
    {
      "text": "5.5%",
      "confidence": 0.9979357123374939,
      "bbox": [
        [
          606.0,
          1392.0
        ],
        [
          662.0,
          1392.0
        ],
        [
          662.0,
          1416.0
        ],
        [
          606.0,
          1416.0
        ]
      ]
    },
    {
      "text": "Days: 112",
      "confidence": 0.7061065587257116,
      "bbox": [
        [
          694.0,
          1391.0
        ],
        [
          798.0,
          1391.0
        ],
        [
          798.0,
          1421.0
        ],
        [
          694.0,
          1421.0
        ]
      ]
    },
    {
      "text": "PRC: 4.00",
      "confidence": 0.9285625595089765,
      "bbox": [
        [
          356.0,
          1416.0
        ],
        [
          464.0,
          1416.0
        ],
        [
          464.0,
          1442.0
        ],
        [
          356.0,
          1442.0
        ]
      ]
    },
    {
      "text": "Corner Banca SA",
      "confidence": 0.6811047967169787,
      "bbox": [
        [
          85.0,
          1533.0
        ],
        [
          227.0,
          1533.0
        ],
        [
          227.0,
          1553.0
        ],
        [
          85.0,
          1553.0
        ]
      ]
    },
    {
      "text": "Todistrasse27 II Postfach 1640 II 8027 Zurch_Switzerland // Hauptsitz Via Canova 16,6901 Lugano_Switzerlnd",
      "confidence": 0.5668014176318892,
      "bbox": [
        [
          242.0,
          1531.0
        ],
        [
          1094.0,
          1531.0
        ],
        [
          1094.0,
          1559.0
        ],
        [
          242.0,
          1559.0
        ]
      ]
    },
    {
      "text": "Tel. +4144 218 10 20 // Fax +41 44218 1029 Il info@corner.ch",
      "confidence": 0.42099304010692173,
      "bbox": [
        [
          84.0,
          1552.0
        ],
        [
          568.0,
          1552.0
        ],
        [
          568.0,
          1578.0
        ],
        [
          84.0,
          1578.0
        ]
      ]
    },
    {
      "text": "corner ch",
      "confidence": 0.6583778528888754,
      "bbox": [
        [
          581.0,
          1557.0
        ],
        [
          655.0,
          1557.0
        ],
        [
          655.0,
          1577.0
        ],
        [
          581.0,
          1577.0
        ]
      ]
    },
    {
      "text": "Print date 01.03.2025 I/ Page 8/18",
      "confidence": 0.7808730226745477,
      "bbox": [
        [
          1798.0,
          1555.0
        ],
        [
          2152.0,
          1555.0
        ],
        [
          2152.0,
          1587.0
        ],
        [
          1798.0,
          1587.0
        ]
      ]
    },
    {
      "text": "E",
      "confidence": 0.6681976833093017,
      "bbox": [
        [
          2189.0,
          1535.0
        ],
        [
          2255.0,
          1535.0
        ],
        [
          2255.0,
          1601.0
        ],
        [
          2189.0,
          1601.0
        ]
      ]
    },
    {
      "text": "Swift CBLUCH228OA",
      "confidence": 0.708145401701145,
      "bbox": [
        [
          85.0,
          1577.0
        ],
        [
          249.0,
          1577.0
        ],
        [
          249.0,
          1597.0
        ],
        [
          85.0,
          1597.0
        ]
      ]
    },
    {
      "text": "Clearing 8490 // CHE-105.962.409 IVA",
      "confidence": 0.4463693443146206,
      "bbox": [
        [
          263.0,
          1575.0
        ],
        [
          558.0,
          1575.0
        ],
        [
          558.0,
          1602.0
        ],
        [
          263.0,
          1602.0
        ]
      ]
    }
  ],
  "tables": [
    {
      "tableIndex": 0,
      "bbox": [
        233.0,
        496.0,
        2104.0,
        1488.0
      ],
      "confidence": 0.7
    }
  ],
  "fullText": "MESSOS ENTERPRISES LTD. COTNEr Valuation as of 28.02.2025 Client Number 366223 Bonds Currency Nominall Description Average Acquisition price Actual Price Perf YTD Perf Total  Valuation in price currency in % Quantity Average Acquisition FX Rate Actual Ex. Rate Perf Market Thereof accruals of assets Price Date Perf Currency Countervalue USD Bonds, Bond funds, Convertible bonds, Interest options USD 250'000 GOLDMAN SACHS 0% EURO MEDIUM TERM NOTES 2024- 99.6790 97.8700 1.81% -1.81% 244'675 1.25% 18.11.2034 ISIN: XS2829752976 Valorn:: 138874416 27.02.2025 Ordinary Bonds Maturity: 18.11.2034 YTM: 5.49 PRC: 4.00 USD 150'000 BANK OF AMERICA 0 % NOTES 2024-11.12.34 REG $ 99.1980 98.7200 2.91% -0.48% 148'080 0.76% ISIN: XS2953741100 Valorn : 138494467 Zero Bonds Maturity: 11.12.2034 27.02.2025 YTM: 5.13 Il PRC: 4.00 USD 500'00 JPMORGAN CHASE 0% NOTES 2024-19.12.2034 100.2000 103.8400 6.51% 3.63% 519'200 2.66% ISIN: XS2381717250 Valorn:: 128883267 Zero Bonds Maturity: 19.12.2034 26.02.2025 PRC: 4.00 USD 50'000 GOLDMAN SACHS 0% NOTES 2025-03.02.2035 100.1000 100.8900 0.79% 0.79% 50'445 0.26% ISIN: XS2481066111 Il Valorn:: 126294402 Zero Bonds Maturity: 03.02.2035 28.02.2025 YTM: -0.09 PRC: 3.69 USD 1'470'000 DEUTSCHE BANK 0 % NOTES 2025-14.02.35 100.0000 101.2500 1.25% 1.25%/ 1'488'375 7.63% ISIN: XS2964611052 Valorn:: 141235167 Zero Bonds Maturity: 14.02.2035 27.02.2025 YTM: 5.31 PRC: 4.00 USD 2'581.79 PREMIUM ALT.S.A SICAV-SIF COMMERCIAL FINANCE OPP XB 81.5304 44.7800 0.00% 45.08% 115'613 0.59% SP ISIN: LU2228214107 Il Valorn : 57282891 13.09.2024 Bond Funds Certificates PRC: 4.00 USD 350'00 BK JULIUS BAER CAPPROT.(3,25% MIN.4,5% MAX)23-26.05.28 100.6237 97.4500 0.98% 33.15% 341'138 1.75% VRN 63 ISIN: CH1269060229 Valorn:: 126906022 28.02.2025 Structured Bonds Maturity: 26.05.2028 Coupon: 26.5 I/ Quarterly 3.25% Il Days: 2 PRC: 3.00 Price to be verified USD 690'000 DEUTSCHE BANK NOTES 23-08.11.28 VRN 100.1000 100.2700 0.92% 0.17% 703'670 3.61% ISIN: XS0461497009 Valorn = 130269069 11'807 Ordinary Bonds Maturity: 08.11.2028 27.02.2025 Coupon: 8.11 Annual 5.5% Days: 112 PRC: 4.00 Corner Banca SA Todistrasse27 II Postfach 1640 II 8027 Zurch_Switzerland // Hauptsitz Via Canova 16,6901 Lugano_Switzerlnd Tel. +4144 218 10 20 // Fax +41 44218 1029 Il info@corner.ch corner ch Print date 01.03.2025 I/ Page 8/18 E Swift CBLUCH228OA Clearing 8490 // CHE-105.962.409 IVA",
  "financialItems": [
    {
      "type": "ISIN",
      "value": "XS2481066111",
      "confidence": 0.95
    },
    {
      "type": "ISIN",
      "value": "XS2829752976",
      "confidence": 0.95
    },
    {
      "type": "ISIN",
      "value": "XS0461497009",
      "confidence": 0.95
    },
    {
      "type": "ISIN",
      "value": "CH1269060229",
      "confidence": 0.95
    },
    {
      "type": "ISIN",
      "value": "XS2381717250",
      "confidence": 0.95
    },
    {
      "type": "ISIN",
      "value": "XS2964611052",
      "confidence": 0.95
    },
    {
      "type": "ISIN",
      "value": "XS2953741100",
      "confidence": 0.95
    },
    {
      "type": "ISIN",
      "value": "LU2228214107",
      "confidence": 0.95
    },
    {
      "type": "CURRENCY",
      "value": "4.00 USD",
      "confidence": 0.9
    },
    {
      "type": "CURRENCY",
      "value": "3.69 USD",
      "confidence": 0.9
    },
    {
      "type": "CURRENCY",
      "value": "$ 99.1980",
      "confidence": 0.9
    },
    {
      "type": "PERCENTAGE",
      "value": "1.25%",
      "confidence": 0.9
    },
    {
      "type": "PERCENTAGE",
      "value": "3.25%",
      "confidence": 0.9
    },
    {
      "type": "PERCENTAGE",
      "value": "0%",
      "confidence": 0.9
    },
    {
      "type": "PERCENTAGE",
      "value": "0 %",
      "confidence": 0.9
    },
    {
      "type": "PERCENTAGE",
      "value": "2.91%",
      "confidence": 0.9
    },
    {
      "type": "PERCENTAGE",
      "value": "45.08%",
      "confidence": 0.9
    },
    {
      "type": "PERCENTAGE",
      "value": "6.51%",
      "confidence": 0.9
    },
    {
      "type": "PERCENTAGE",
      "value": "0.26%",
      "confidence": 0.9
    },
    {
      "type": "PERCENTAGE",
      "value": "7.63%",
      "confidence": 0.9
    },
    {
      "type": "PERCENTAGE",
      "value": "0.98%",
      "confidence": 0.9
    },
    {
      "type": "PERCENTAGE",
      "value": "0.17%",
      "confidence": 0.9
    },
    {
      "type": "PERCENTAGE",
      "value": "2.66%",
      "confidence": 0.9
    },
    {
      "type": "PERCENTAGE",
      "value": "3.61%",
      "confidence": 0.9
    },
    {
      "type": "PERCENTAGE",
      "value": "3.63%",
      "confidence": 0.9
    },
    {
      "type": "PERCENTAGE",
      "value": "0.76%",
      "confidence": 0.9
    },
    {
      "type": "PERCENTAGE",
      "value": "0.48%",
      "confidence": 0.9
    },
    {
      "type": "PERCENTAGE",
      "value": "33.15%",
      "confidence": 0.9
    },
    {
      "type": "PERCENTAGE",
      "value": "5.5%",
      "confidence": 0.9
    },
    {
      "type": "PERCENTAGE",
      "value": "0.00%",
      "confidence": 0.9
    },
    {
      "type": "PERCENTAGE",
      "value": "1.81%",
      "confidence": 0.9
    },
    {
      "type": "PERCENTAGE",
      "value": "0.79%",
      "confidence": 0.9
    },
    {
      "type": "PERCENTAGE",
      "value": "1.75%",
      "confidence": 0.9
    },
    {
      "type": "PERCENTAGE",
      "value": "3,25%",
      "confidence": 0.9
    },
    {
      "type": "PERCENTAGE",
      "value": "0.59%",
      "confidence": 0.9
    },
    {
      "type": "PERCENTAGE",
      "value": "4,5%",
      "confidence": 0.9
    },
    {
      "type": "PERCENTAGE",
      "value": "0.92%",
      "confidence": 0.9
    }
  ],
  "securities": [
    {
      "isin": "XS2481066111",
      "name": "JPMORGAN CHASE 0% NOTES 2024-",
      "type": "אגח",
      "additional_info": {
        "currency": "USD",
        "nominal": "500'00",
        "price": "100.2000",
        "maturity": "19.12.2034",
        "coupon": "0%"
      }
    },
    {
      "isin": "XS2829752976",
      "name": "GOLDMAN SACHS 0% EURO MEDIUM TERM NOTES 2024-",
      "type": "אגח",
      "additional_info": {
        "currency": "USD",
        "nominal": "250'000",
        "price": "97.8700",
        "maturity": "18.11.2034",
        "coupon": "0%"
      }
    },
    {
      "isin": "XS0461497009",
      "name": "DEUTSCHE BANK NOTES 23-",
      "type": "אגח",
      "additional_info": {
        "currency": "USD",
        "nominal": "690'000",
        "price": "0.98",
        "maturity": "26.05.2028",
        "coupon": "3.25%"
      }
    },
    {
      "isin": "CH1269060229",
      "name": "BK JULIUS BAER CAPPROT.(3,25% MIN.4,5% MAX)23-",
      "type": "אגח",
      "additional_info": {
        "currency": "USD",
        "nominal": "350'00",
        "price": "44.7800",
        "maturity": "26.05.2028",
        "coupon": "3.25%"
      }
    },
    {
      "isin": "XS2381717250",
      "name": "JPMORGAN CHASE 0% NOTES 2024-",
      "type": "אגח",
      "additional_info": {
        "currency": "USD",
        "nominal": "500'00",
        "price": "98.7200",
        "maturity": "11.12.2034",
        "coupon": "0%"
      }
    },
    {
      "isin": "XS2964611052",
      "name": "DEUTSCHE BANK 0 % NOTES 2025-",
      "type": "אגח",
      "additional_info": {
        "currency": "USD",
        "nominal": "1'470'000",
        "price": "100.1000",
        "maturity": "03.02.2035",
        "coupon": "0%"
      }
    },
    {
      "isin": "XS2953741100",
      "name": "BANK OF AMERICA 0 % NOTES 2024-",
      "type": "אגח",
      "additional_info": {
        "currency": "USD",
        "nominal": "150'000",
        "price": "97.8700",
        "maturity": "18.11.2034",
        "coupon": "0%"
      }
    },
    {
      "isin": "LU2228214107",
      "name": ".79 PREMIUM ALT.S.A SICAV-SIF COMMERCIAL FINANCE OPP XB",
      "type": "אגח",
      "additional_info": {
        "currency": "USD",
        "nominal": "2'581",
        "price": "100.0000",
        "maturity": "14.02.2035",
        "coupon": "0%"
      }
    }
  ],
  "detailed_tables": [],
  "language": "eng",
  "documentType": "הערכת שווי",
  "companyName": null
}