{
  "page_number": 9,
  "text_blocks": [
    {
      "text": "MESSOS ENTERPRISES LTD.",
      "confidence": 0.854031076104457,
      "bbox": [
        [
          1790.0,
          86.0
        ],
        [
          2142.0,
          86.0
        ],
        [
          2142.0,
          116.0
        ],
        [
          1790.0,
          116.0
        ]
      ]
    },
    {
      "text": "COTNEr",
      "confidence": 0.3343934762030305,
      "bbox": [
        [
          82.0,
          80.0
        ],
        [
          414.0,
          80.0
        ],
        [
          414.0,
          154.0
        ],
        [
          82.0,
          154.0
        ]
      ]
    },
    {
      "text": "Valuation as of 28.02.2025",
      "confidence": 0.6204013648437442,
      "bbox": [
        [
          1910.0,
          114.0
        ],
        [
          2146.0,
          114.0
        ],
        [
          2146.0,
          138.0
        ],
        [
          1910.0,
          138.0
        ]
      ]
    },
    {
      "text": "Client Number 366223",
      "confidence": 0.47321774182015924,
      "bbox": [
        [
          1947.0,
          137.0
        ],
        [
          2145.0,
          137.0
        ],
        [
          2145.0,
          157.0
        ],
        [
          1947.0,
          157.0
        ]
      ]
    },
    {
      "text": "Bonds",
      "confidence": 0.9999964814062795,
      "bbox": [
        [
          2029.0,
          197.0
        ],
        [
          2147.0,
          197.0
        ],
        [
          2147.0,
          237.0
        ],
        [
          2029.0,
          237.0
        ]
      ]
    },
    {
      "text": "Currency",
      "confidence": 0.999918360174033,
      "bbox": [
        [
          101.0,
          257.0
        ],
        [
          194.0,
          257.0
        ],
        [
          194.0,
          284.0
        ],
        [
          101.0,
          284.0
        ]
      ]
    },
    {
      "text": "Nominall",
      "confidence": 0.9999595808339232,
      "bbox": [
        [
          256.0,
          258.0
        ],
        [
          346.0,
          258.0
        ],
        [
          346.0,
          282.0
        ],
        [
          256.0,
          282.0
        ]
      ]
    },
    {
      "text": "Description",
      "confidence": 0.9999953633519636,
      "bbox": [
        [
          354.0,
          258.0
        ],
        [
          466.0,
          258.0
        ],
        [
          466.0,
          282.0
        ],
        [
          354.0,
          282.0
        ]
      ]
    },
    {
      "text": "Average Acquisition price",
      "confidence": 0.7981988811260553,
      "bbox": [
        [
          1003.0,
          258.0
        ],
        [
          1244.0,
          258.0
        ],
        [
          1244.0,
          284.0
        ],
        [
          1003.0,
          284.0
        ]
      ]
    },
    {
      "text": "Actual Price",
      "confidence": 0.7011095862231845,
      "bbox": [
        [
          1300.0,
          256.0
        ],
        [
          1419.0,
          256.0
        ],
        [
          1419.0,
          283.0
        ],
        [
          1300.0,
          283.0
        ]
      ]
    },
    {
      "text": "Perf YTD",
      "confidence": 0.9848547863164494,
      "bbox": [
        [
          1476.0,
          258.0
        ],
        [
          1564.0,
          258.0
        ],
        [
          1564.0,
          282.0
        ],
        [
          1476.0,
          282.0
        ]
      ]
    },
    {
      "text": "Perf Total ",
      "confidence": 0.6424769966356199,
      "bbox": [
        [
          1644.0,
          258.0
        ],
        [
          1738.0,
          258.0
        ],
        [
          1738.0,
          282.0
        ],
        [
          1644.0,
          282.0
        ]
      ]
    },
    {
      "text": "Valuation in price currency",
      "confidence": 0.9957521066979887,
      "bbox": [
        [
          1780.0,
          256.0
        ],
        [
          2032.0,
          256.0
        ],
        [
          2032.0,
          284.0
        ],
        [
          1780.0,
          284.0
        ]
      ]
    },
    {
      "text": "in %",
      "confidence": 0.9875424518797334,
      "bbox": [
        [
          2106.0,
          258.0
        ],
        [
          2152.0,
          258.0
        ],
        [
          2152.0,
          282.0
        ],
        [
          2106.0,
          282.0
        ]
      ]
    },
    {
      "text": "Quantity",
      "confidence": 0.9999888732063521,
      "bbox": [
        [
          262.0,
          282.0
        ],
        [
          344.0,
          282.0
        ],
        [
          344.0,
          306.0
        ],
        [
          262.0,
          306.0
        ]
      ]
    },
    {
      "text": "Average Acquisition FX Rate",
      "confidence": 0.9485942872054105,
      "bbox": [
        [
          977.0,
          281.0
        ],
        [
          1244.0,
          281.0
        ],
        [
          1244.0,
          308.0
        ],
        [
          977.0,
          308.0
        ]
      ]
    },
    {
      "text": "Actual Ex. Rate",
      "confidence": 0.7471701819138374,
      "bbox": [
        [
          1273.0,
          283.0
        ],
        [
          1417.0,
          283.0
        ],
        [
          1417.0,
          303.0
        ],
        [
          1273.0,
          303.0
        ]
      ]
    },
    {
      "text": "Perf Market",
      "confidence": 0.941320770959088,
      "bbox": [
        [
          1627.0,
          283.0
        ],
        [
          1737.0,
          283.0
        ],
        [
          1737.0,
          303.0
        ],
        [
          1627.0,
          303.0
        ]
      ]
    },
    {
      "text": "Thereof accruals",
      "confidence": 0.9947603628214349,
      "bbox": [
        [
          1870.0,
          280.0
        ],
        [
          2032.0,
          280.0
        ],
        [
          2032.0,
          304.0
        ],
        [
          1870.0,
          304.0
        ]
      ]
    },
    {
      "text": "of assets",
      "confidence": 0.9921244482805948,
      "bbox": [
        [
          2065.0,
          283.0
        ],
        [
          2151.0,
          283.0
        ],
        [
          2151.0,
          303.0
        ],
        [
          2065.0,
          303.0
        ]
      ]
    },
    {
      "text": "Price Date",
      "confidence": 0.9980274472084257,
      "bbox": [
        [
          1317.0,
          305.0
        ],
        [
          1417.0,
          305.0
        ],
        [
          1417.0,
          325.0
        ],
        [
          1317.0,
          325.0
        ]
      ]
    },
    {
      "text": "Perf Currency",
      "confidence": 0.9992827980727783,
      "bbox": [
        [
          1604.0,
          303.0
        ],
        [
          1738.0,
          303.0
        ],
        [
          1738.0,
          330.0
        ],
        [
          1604.0,
          330.0
        ]
      ]
    },
    {
      "text": "Countervalue USD",
      "confidence": 0.9324388854699032,
      "bbox": [
        [
          1857.0,
          304.0
        ],
        [
          2029.0,
          304.0
        ],
        [
          2029.0,
          325.0
        ],
        [
          1857.0,
          325.0
        ]
      ]
    },
    {
      "text": "Bonds, Bond funds, Convertible bonds, Interest options",
      "confidence": 0.885528038370517,
      "bbox": [
        [
          103.0,
          350.0
        ],
        [
          704.0,
          350.0
        ],
        [
          704.0,
          380.0
        ],
        [
          103.0,
          380.0
        ]
      ]
    },
    {
      "text": "USD",
      "confidence": 0.9999653808460321,
      "bbox": [
        [
          104.0,
          386.0
        ],
        [
          156.0,
          386.0
        ],
        [
          156.0,
          412.0
        ],
        [
          104.0,
          412.0
        ]
      ]
    },
    {
      "text": "50'000",
      "confidence": 0.9950685143853417,
      "bbox": [
        [
          272.0,
          386.0
        ],
        [
          344.0,
          386.0
        ],
        [
          344.0,
          412.0
        ],
        [
          272.0,
          412.0
        ]
      ]
    },
    {
      "text": "CITIGROUP GLBL 5.65 % CALL FIXED RATE NOTES 2024-",
      "confidence": 0.7953288034596635,
      "bbox": [
        [
          356.0,
          388.0
        ],
        [
          976.0,
          388.0
        ],
        [
          976.0,
          416.0
        ],
        [
          356.0,
          416.0
        ]
      ]
    },
    {
      "text": "100.2000",
      "confidence": 0.9602186845952523,
      "bbox": [
        [
          1146.0,
          388.0
        ],
        [
          1244.0,
          388.0
        ],
        [
          1244.0,
          412.0
        ],
        [
          1146.0,
          412.0
        ]
      ]
    },
    {
      "text": "97.5160",
      "confidence": 0.9999721547252717,
      "bbox": [
        [
          1330.0,
          386.0
        ],
        [
          1418.0,
          386.0
        ],
        [
          1418.0,
          412.0
        ],
        [
          1330.0,
          412.0
        ]
      ]
    },
    {
      "text": "1.26%",
      "confidence": 0.9985234483316442,
      "bbox": [
        [
          1496.0,
          388.0
        ],
        [
          1564.0,
          388.0
        ],
        [
          1564.0,
          414.0
        ],
        [
          1496.0,
          414.0
        ]
      ]
    },
    {
      "text": "-2.68%",
      "confidence": 0.870431540928012,
      "bbox": [
        [
          1660.0,
          388.0
        ],
        [
          1736.0,
          388.0
        ],
        [
          1736.0,
          414.0
        ],
        [
          1660.0,
          414.0
        ]
      ]
    },
    {
      "text": "48'758",
      "confidence": 0.9692044536435347,
      "bbox": [
        [
          1958.0,
          388.0
        ],
        [
          2030.0,
          388.0
        ],
        [
          2030.0,
          412.0
        ],
        [
          1958.0,
          412.0
        ]
      ]
    },
    {
      "text": "0.25%",
      "confidence": 0.998273154380431,
      "bbox": [
        [
          2084.0,
          388.0
        ],
        [
          2152.0,
          388.0
        ],
        [
          2152.0,
          412.0
        ],
        [
          2084.0,
          412.0
        ]
      ]
    },
    {
      "text": "09.05.34",
      "confidence": 0.9999450398839453,
      "bbox": [
        [
          354.0,
          414.0
        ],
        [
          448.0,
          414.0
        ],
        [
          448.0,
          438.0
        ],
        [
          354.0,
          438.0
        ]
      ]
    },
    {
      "text": "ISIN: XS2782869916",
      "confidence": 0.5809154108956314,
      "bbox": [
        [
          354.0,
          440.0
        ],
        [
          570.0,
          440.0
        ],
        [
          570.0,
          466.0
        ],
        [
          354.0,
          466.0
        ]
      ]
    },
    {
      "text": "Valorn:: 132544344",
      "confidence": 0.43359919278491726,
      "bbox": [
        [
          602.0,
          440.0
        ],
        [
          799.0,
          440.0
        ],
        [
          799.0,
          466.0
        ],
        [
          602.0,
          466.0
        ]
      ]
    },
    {
      "text": "28.02.2025",
      "confidence": 0.7508759759457657,
      "bbox": [
        [
          1300.0,
          436.0
        ],
        [
          1418.0,
          436.0
        ],
        [
          1418.0,
          462.0
        ],
        [
          1300.0,
          462.0
        ]
      ]
    },
    {
      "text": "Ordinary Bonds",
      "confidence": 0.8963151493627863,
      "bbox": [
        [
          354.0,
          463.0
        ],
        [
          516.0,
          463.0
        ],
        [
          516.0,
          494.0
        ],
        [
          354.0,
          494.0
        ]
      ]
    },
    {
      "text": "Maturity: 09.05.2034",
      "confidence": 0.5966541329327676,
      "bbox": [
        [
          547.0,
          462.0
        ],
        [
          756.0,
          462.0
        ],
        [
          756.0,
          495.0
        ],
        [
          547.0,
          495.0
        ]
      ]
    },
    {
      "text": "PRC: 4.00",
      "confidence": 0.9987203420496874,
      "bbox": [
        [
          356.0,
          492.0
        ],
        [
          464.0,
          492.0
        ],
        [
          464.0,
          516.0
        ],
        [
          356.0,
          516.0
        ]
      ]
    },
    {
      "text": "Price to be verified",
      "confidence": 0.985927941845255,
      "bbox": [
        [
          356.0,
          516.0
        ],
        [
          546.0,
          516.0
        ],
        [
          546.0,
          542.0
        ],
        [
          356.0,
          542.0
        ]
      ]
    },
    {
      "text": "USD",
      "confidence": 0.9999664132240463,
      "bbox": [
        [
          104.0,
          552.0
        ],
        [
          154.0,
          552.0
        ],
        [
          154.0,
          578.0
        ],
        [
          104.0,
          578.0
        ]
      ]
    },
    {
      "text": "440'000",
      "confidence": 0.6486322813885207,
      "bbox": [
        [
          260.0,
          554.0
        ],
        [
          344.0,
          554.0
        ],
        [
          344.0,
          578.0
        ],
        [
          260.0,
          578.0
        ]
      ]
    },
    {
      "text": "BOFA 5.6% 2024-29.05.34 REGS",
      "confidence": 0.8430925575537809,
      "bbox": [
        [
          356.0,
          554.0
        ],
        [
          698.0,
          554.0
        ],
        [
          698.0,
          580.0
        ],
        [
          356.0,
          580.0
        ]
      ]
    },
    {
      "text": "100.2000",
      "confidence": 0.9602186845952523,
      "bbox": [
        [
          1146.0,
          554.0
        ],
        [
          1244.0,
          554.0
        ],
        [
          1244.0,
          578.0
        ],
        [
          1146.0,
          578.0
        ]
      ]
    },
    {
      "text": "103.7200",
      "confidence": 0.7463831962133451,
      "bbox": [
        [
          1320.0,
          554.0
        ],
        [
          1416.0,
          554.0
        ],
        [
          1416.0,
          578.0
        ],
        [
          1320.0,
          578.0
        ]
      ]
    },
    {
      "text": "1.55%",
      "confidence": 0.995415203964726,
      "bbox": [
        [
          1496.0,
          554.0
        ],
        [
          1564.0,
          554.0
        ],
        [
          1564.0,
          580.0
        ],
        [
          1496.0,
          580.0
        ]
      ]
    },
    {
      "text": "3.51%",
      "confidence": 0.998767763065039,
      "bbox": [
        [
          1668.0,
          554.0
        ],
        [
          1736.0,
          554.0
        ],
        [
          1736.0,
          580.0
        ],
        [
          1668.0,
          580.0
        ]
      ]
    },
    {
      "text": "474'916",
      "confidence": 0.8558431269842897,
      "bbox": [
        [
          1946.0,
          554.0
        ],
        [
          2030.0,
          554.0
        ],
        [
          2030.0,
          578.0
        ],
        [
          1946.0,
          578.0
        ]
      ]
    },
    {
      "text": "2.43%",
      "confidence": 0.700470472814419,
      "bbox": [
        [
          2084.0,
          554.0
        ],
        [
          2152.0,
          554.0
        ],
        [
          2152.0,
          578.0
        ],
        [
          2084.0,
          578.0
        ]
      ]
    },
    {
      "text": "ISIN: XS2824054402",
      "confidence": 0.6294037871898774,
      "bbox": [
        [
          354.0,
          578.0
        ],
        [
          570.0,
          578.0
        ],
        [
          570.0,
          604.0
        ],
        [
          354.0,
          604.0
        ]
      ]
    },
    {
      "text": "Valorn:: 135337661",
      "confidence": 0.7156309631764315,
      "bbox": [
        [
          600.0,
          577.0
        ],
        [
          798.0,
          577.0
        ],
        [
          798.0,
          607.0
        ],
        [
          600.0,
          607.0
        ]
      ]
    },
    {
      "text": "18'548",
      "confidence": 0.9966300424280821,
      "bbox": [
        [
          1960.0,
          578.0
        ],
        [
          2030.0,
          578.0
        ],
        [
          2030.0,
          604.0
        ],
        [
          1960.0,
          604.0
        ]
      ]
    },
    {
      "text": "Ordinary Bonds",
      "confidence": 0.9998891873078295,
      "bbox": [
        [
          354.0,
          602.0
        ],
        [
          516.0,
          602.0
        ],
        [
          516.0,
          634.0
        ],
        [
          354.0,
          634.0
        ]
      ]
    },
    {
      "text": "Callable: 29.05.2026",
      "confidence": 0.835678378119945,
      "bbox": [
        [
          548.0,
          604.0
        ],
        [
          758.0,
          604.0
        ],
        [
          758.0,
          630.0
        ],
        [
          548.0,
          630.0
        ]
      ]
    },
    {
      "text": "28.02.2025",
      "confidence": 0.8982766154960858,
      "bbox": [
        [
          1300.0,
          604.0
        ],
        [
          1418.0,
          604.0
        ],
        [
          1418.0,
          628.0
        ],
        [
          1300.0,
          628.0
        ]
      ]
    },
    {
      "text": "Coupon: 29.5 /l",
      "confidence": 0.34613014483192994,
      "bbox": [
        [
          355.0,
          629.0
        ],
        [
          520.0,
          629.0
        ],
        [
          520.0,
          657.0
        ],
        [
          355.0,
          657.0
        ]
      ]
    },
    {
      "text": "Annual",
      "confidence": 0.9999846212050044,
      "bbox": [
        [
          526.0,
          630.0
        ],
        [
          600.0,
          630.0
        ],
        [
          600.0,
          654.0
        ],
        [
          526.0,
          654.0
        ]
      ]
    },
    {
      "text": "5.6%",
      "confidence": 0.9978962540626526,
      "bbox": [
        [
          608.0,
          630.0
        ],
        [
          664.0,
          630.0
        ],
        [
          664.0,
          654.0
        ],
        [
          608.0,
          654.0
        ]
      ]
    },
    {
      "text": "II Days: 271",
      "confidence": 0.42702259446528734,
      "bbox": [
        [
          672.0,
          629.0
        ],
        [
          800.0,
          629.0
        ],
        [
          800.0,
          659.0
        ],
        [
          672.0,
          659.0
        ]
      ]
    },
    {
      "text": "YTM: 5.08",
      "confidence": 0.9952524905405712,
      "bbox": [
        [
          834.0,
          630.0
        ],
        [
          944.0,
          630.0
        ],
        [
          944.0,
          654.0
        ],
        [
          834.0,
          654.0
        ]
      ]
    },
    {
      "text": "PRC: 4.00",
      "confidence": 0.9987203420496874,
      "bbox": [
        [
          356.0,
          656.0
        ],
        [
          464.0,
          656.0
        ],
        [
          464.0,
          680.0
        ],
        [
          356.0,
          680.0
        ]
      ]
    },
    {
      "text": "USD",
      "confidence": 0.9999807288805623,
      "bbox": [
        [
          104.0,
          692.0
        ],
        [
          156.0,
          692.0
        ],
        [
          156.0,
          718.0
        ],
        [
          104.0,
          718.0
        ]
      ]
    },
    {
      "text": "2'450'000",
      "confidence": 0.9597512750672189,
      "bbox": [
        [
          242.0,
          692.0
        ],
        [
          342.0,
          692.0
        ],
        [
          342.0,
          718.0
        ],
        [
          242.0,
          718.0
        ]
      ]
    },
    {
      "text": "GS 10Y CALLABLE NOTE 2024-18.06.2034",
      "confidence": 0.8227595621975174,
      "bbox": [
        [
          356.0,
          691.0
        ],
        [
          806.0,
          691.0
        ],
        [
          806.0,
          720.0
        ],
        [
          356.0,
          720.0
        ]
      ]
    },
    {
      "text": "100.1000",
      "confidence": 0.9999667880549262,
      "bbox": [
        [
          1146.0,
          692.0
        ],
        [
          1244.0,
          692.0
        ],
        [
          1244.0,
          718.0
        ],
        [
          1146.0,
          718.0
        ]
      ]
    },
    {
      "text": "100.5900",
      "confidence": 0.8625464231943116,
      "bbox": [
        [
          1320.0,
          692.0
        ],
        [
          1416.0,
          692.0
        ],
        [
          1416.0,
          718.0
        ],
        [
          1320.0,
          718.0
        ]
      ]
    },
    {
      "text": "1.33%",
      "confidence": 0.9606729810108688,
      "bbox": [
        [
          1496.0,
          692.0
        ],
        [
          1564.0,
          692.0
        ],
        [
          1564.0,
          718.0
        ],
        [
          1496.0,
          718.0
        ]
      ]
    },
    {
      "text": "0.49%",
      "confidence": 0.9973240602822436,
      "bbox": [
        [
          1668.0,
          692.0
        ],
        [
          1738.0,
          692.0
        ],
        [
          1738.0,
          718.0
        ],
        [
          1668.0,
          718.0
        ]
      ]
    },
    {
      "text": "2'560'667",
      "confidence": 0.972635997153861,
      "bbox": [
        [
          1930.0,
          692.0
        ],
        [
          2030.0,
          692.0
        ],
        [
          2030.0,
          718.0
        ],
        [
          1930.0,
          718.0
        ]
      ]
    },
    {
      "text": "13.12%",
      "confidence": 0.9319862688050347,
      "bbox": [
        [
          2072.0,
          692.0
        ],
        [
          2152.0,
          692.0
        ],
        [
          2152.0,
          718.0
        ],
        [
          2072.0,
          718.0
        ]
      ]
    },
    {
      "text": "ISIN: XS2567543397",
      "confidence": 0.85820755810026,
      "bbox": [
        [
          354.0,
          718.0
        ],
        [
          568.0,
          718.0
        ],
        [
          568.0,
          742.0
        ],
        [
          354.0,
          742.0
        ]
      ]
    },
    {
      "text": "II",
      "confidence": 0.299370973491548,
      "bbox": [
        [
          575.0,
          719.0
        ],
        [
          595.0,
          719.0
        ],
        [
          595.0,
          741.0
        ],
        [
          575.0,
          741.0
        ]
      ]
    },
    {
      "text": "Valorn : 134736192",
      "confidence": 0.6884704186630352,
      "bbox": [
        [
          602.0,
          716.0
        ],
        [
          800.0,
          716.0
        ],
        [
          800.0,
          742.0
        ],
        [
          602.0,
          742.0
        ]
      ]
    },
    {
      "text": "96'212",
      "confidence": 0.9487248978526398,
      "bbox": [
        [
          1958.0,
          716.0
        ],
        [
          2030.0,
          716.0
        ],
        [
          2030.0,
          742.0
        ],
        [
          1958.0,
          742.0
        ]
      ]
    },
    {
      "text": "Ordinary Bonds",
      "confidence": 0.9998732724295445,
      "bbox": [
        [
          354.0,
          740.0
        ],
        [
          516.0,
          740.0
        ],
        [
          516.0,
          772.0
        ],
        [
          354.0,
          772.0
        ]
      ]
    },
    {
      "text": "Callable: 18.06.2026",
      "confidence": 0.9058151553863606,
      "bbox": [
        [
          548.0,
          742.0
        ],
        [
          758.0,
          742.0
        ],
        [
          758.0,
          768.0
        ],
        [
          548.0,
          768.0
        ]
      ]
    },
    {
      "text": "27.02.2025",
      "confidence": 0.7149096294521923,
      "bbox": [
        [
          1300.0,
          742.0
        ],
        [
          1418.0,
          742.0
        ],
        [
          1418.0,
          768.0
        ],
        [
          1300.0,
          768.0
        ]
      ]
    },
    {
      "text": "Coupon: 18.6",
      "confidence": 0.917229664539762,
      "bbox": [
        [
          355.0,
          767.0
        ],
        [
          496.0,
          767.0
        ],
        [
          496.0,
          797.0
        ],
        [
          355.0,
          797.0
        ]
      ]
    },
    {
      "text": "Annual",
      "confidence": 0.9999814578386829,
      "bbox": [
        [
          526.0,
          770.0
        ],
        [
          600.0,
          770.0
        ],
        [
          600.0,
          794.0
        ],
        [
          526.0,
          794.0
        ]
      ]
    },
    {
      "text": "5.61%",
      "confidence": 0.9996246750998515,
      "bbox": [
        [
          608.0,
          768.0
        ],
        [
          676.0,
          768.0
        ],
        [
          676.0,
          794.0
        ],
        [
          608.0,
          794.0
        ]
      ]
    },
    {
      "text": "Il Days: 252 I/ YTM: 5.52",
      "confidence": 0.4380603718918937,
      "bbox": [
        [
          682.0,
          768.0
        ],
        [
          956.0,
          768.0
        ],
        [
          956.0,
          797.0
        ],
        [
          682.0,
          797.0
        ]
      ]
    },
    {
      "text": "PRC: 4.00",
      "confidence": 0.929457597260095,
      "bbox": [
        [
          356.0,
          794.0
        ],
        [
          464.0,
          794.0
        ],
        [
          464.0,
          820.0
        ],
        [
          356.0,
          820.0
        ]
      ]
    },
    {
      "text": "USD",
      "confidence": 0.9999807288805623,
      "bbox": [
        [
          104.0,
          830.0
        ],
        [
          156.0,
          830.0
        ],
        [
          156.0,
          856.0
        ],
        [
          104.0,
          856.0
        ]
      ]
    },
    {
      "text": "1'100'000",
      "confidence": 0.9863051257642155,
      "bbox": [
        [
          244.0,
          830.0
        ],
        [
          344.0,
          830.0
        ],
        [
          344.0,
          856.0
        ],
        [
          244.0,
          856.0
        ]
      ]
    },
    {
      "text": "CITIGROUP 0% MTN 2024-09.07.34 REGS",
      "confidence": 0.8329294490637058,
      "bbox": [
        [
          356.0,
          830.0
        ],
        [
          796.0,
          830.0
        ],
        [
          796.0,
          858.0
        ],
        [
          356.0,
          858.0
        ]
      ]
    },
    {
      "text": "100.1000",
      "confidence": 0.9999667880549262,
      "bbox": [
        [
          1146.0,
          830.0
        ],
        [
          1244.0,
          830.0
        ],
        [
          1244.0,
          856.0
        ],
        [
          1146.0,
          856.0
        ]
      ]
    },
    {
      "text": "100.6700",
      "confidence": 0.9395559345852487,
      "bbox": [
        [
          1320.0,
          830.0
        ],
        [
          1416.0,
          830.0
        ],
        [
          1416.0,
          856.0
        ],
        [
          1320.0,
          856.0
        ]
      ]
    },
    {
      "text": "2.08%",
      "confidence": 0.998712523598499,
      "bbox": [
        [
          1494.0,
          830.0
        ],
        [
          1564.0,
          830.0
        ],
        [
          1564.0,
          856.0
        ],
        [
          1494.0,
          856.0
        ]
      ]
    },
    {
      "text": "0.57%",
      "confidence": 0.9892018385046588,
      "bbox": [
        [
          1668.0,
          832.0
        ],
        [
          1738.0,
          832.0
        ],
        [
          1738.0,
          856.0
        ],
        [
          1668.0,
          856.0
        ]
      ]
    },
    {
      "text": "1'107'370",
      "confidence": 0.9921443157690312,
      "bbox": [
        [
          1930.0,
          830.0
        ],
        [
          2030.0,
          830.0
        ],
        [
          2030.0,
          856.0
        ],
        [
          1930.0,
          856.0
        ]
      ]
    },
    {
      "text": "5.68%",
      "confidence": 0.9991423795080482,
      "bbox": [
        [
          2084.0,
          830.0
        ],
        [
          2152.0,
          830.0
        ],
        [
          2152.0,
          856.0
        ],
        [
          2084.0,
          856.0
        ]
      ]
    },
    {
      "text": "ISIN: XS2110079584",
      "confidence": 0.7758610555434404,
      "bbox": [
        [
          354.0,
          856.0
        ],
        [
          568.0,
          856.0
        ],
        [
          568.0,
          882.0
        ],
        [
          354.0,
          882.0
        ]
      ]
    },
    {
      "text": "Il Valorn:: 136429245",
      "confidence": 0.3777995672621771,
      "bbox": [
        [
          574.0,
          856.0
        ],
        [
          797.0,
          856.0
        ],
        [
          797.0,
          882.0
        ],
        [
          574.0,
          882.0
        ]
      ]
    },
    {
      "text": "Zero Bonds",
      "confidence": 0.7941660316435067,
      "bbox": [
        [
          354.0,
          882.0
        ],
        [
          476.0,
          882.0
        ],
        [
          476.0,
          906.0
        ],
        [
          354.0,
          906.0
        ]
      ]
    },
    {
      "text": "Callable: 09.07.2026",
      "confidence": 0.7730998017316156,
      "bbox": [
        [
          508.0,
          882.0
        ],
        [
          718.0,
          882.0
        ],
        [
          718.0,
          906.0
        ],
        [
          508.0,
          906.0
        ]
      ]
    },
    {
      "text": "28.02.2025",
      "confidence": 0.8982766154960858,
      "bbox": [
        [
          1300.0,
          882.0
        ],
        [
          1418.0,
          882.0
        ],
        [
          1418.0,
          906.0
        ],
        [
          1300.0,
          906.0
        ]
      ]
    },
    {
      "text": "YTM: 5.76",
      "confidence": 0.7312063724644507,
      "bbox": [
        [
          356.0,
          908.0
        ],
        [
          464.0,
          908.0
        ],
        [
          464.0,
          932.0
        ],
        [
          356.0,
          932.0
        ]
      ]
    },
    {
      "text": "PRC: 4.00",
      "confidence": 0.6815749609192693,
      "bbox": [
        [
          496.0,
          908.0
        ],
        [
          604.0,
          908.0
        ],
        [
          604.0,
          932.0
        ],
        [
          496.0,
          932.0
        ]
      ]
    },
    {
      "text": "USD",
      "confidence": 0.9999790082473178,
      "bbox": [
        [
          104.0,
          944.0
        ],
        [
          156.0,
          944.0
        ],
        [
          156.0,
          970.0
        ],
        [
          104.0,
          970.0
        ]
      ]
    },
    {
      "text": "90'000",
      "confidence": 0.9388140711771328,
      "bbox": [
        [
          272.0,
          944.0
        ],
        [
          344.0,
          944.0
        ],
        [
          344.0,
          970.0
        ],
        [
          272.0,
          970.0
        ]
      ]
    },
    {
      "text": "CITIGROUP GLBL 0 % MEDIUM TERM NOTES 2024-01.08.34",
      "confidence": 0.8854953998146806,
      "bbox": [
        [
          356.0,
          944.0
        ],
        [
          996.0,
          944.0
        ],
        [
          996.0,
          970.0
        ],
        [
          356.0,
          970.0
        ]
      ]
    },
    {
      "text": "100.2000",
      "confidence": 0.9999625733084139,
      "bbox": [
        [
          1146.0,
          944.0
        ],
        [
          1244.0,
          944.0
        ],
        [
          1244.0,
          970.0
        ],
        [
          1146.0,
          970.0
        ]
      ]
    },
    {
      "text": "99.9500",
      "confidence": 0.9954093378607435,
      "bbox": [
        [
          1330.0,
          944.0
        ],
        [
          1416.0,
          944.0
        ],
        [
          1416.0,
          970.0
        ],
        [
          1330.0,
          970.0
        ]
      ]
    },
    {
      "text": "2.24%",
      "confidence": 0.9992764717429102,
      "bbox": [
        [
          1494.0,
          944.0
        ],
        [
          1564.0,
          944.0
        ],
        [
          1564.0,
          970.0
        ],
        [
          1494.0,
          970.0
        ]
      ]
    },
    {
      "text": "-0.25%",
      "confidence": 0.9493471260549659,
      "bbox": [
        [
          1660.0,
          944.0
        ],
        [
          1738.0,
          944.0
        ],
        [
          1738.0,
          970.0
        ],
        [
          1660.0,
          970.0
        ]
      ]
    },
    {
      "text": "89'955",
      "confidence": 0.9952954138847557,
      "bbox": [
        [
          1958.0,
          944.0
        ],
        [
          2030.0,
          944.0
        ],
        [
          2030.0,
          970.0
        ],
        [
          1958.0,
          970.0
        ]
      ]
    },
    {
      "text": "0.46%",
      "confidence": 0.9990518993724457,
      "bbox": [
        [
          2084.0,
          944.0
        ],
        [
          2152.0,
          944.0
        ],
        [
          2152.0,
          970.0
        ],
        [
          2084.0,
          970.0
        ]
      ]
    },
    {
      "text": "GLOBAL RE",
      "confidence": 0.9786178551324344,
      "bbox": [
        [
          356.0,
          970.0
        ],
        [
          490.0,
          970.0
        ],
        [
          490.0,
          994.0
        ],
        [
          356.0,
          994.0
        ]
      ]
    },
    {
      "text": "ISIN: XS2848820754",
      "confidence": 0.5186638749897038,
      "bbox": [
        [
          354.0,
          996.0
        ],
        [
          570.0,
          996.0
        ],
        [
          570.0,
          1022.0
        ],
        [
          354.0,
          1022.0
        ]
      ]
    },
    {
      "text": "Valorn:: 135116008",
      "confidence": 0.6248085575531689,
      "bbox": [
        [
          602.0,
          996.0
        ],
        [
          798.0,
          996.0
        ],
        [
          798.0,
          1022.0
        ],
        [
          602.0,
          1022.0
        ]
      ]
    },
    {
      "text": "28.02.2025",
      "confidence": 0.9999675423294985,
      "bbox": [
        [
          1300.0,
          994.0
        ],
        [
          1418.0,
          994.0
        ],
        [
          1418.0,
          1020.0
        ],
        [
          1300.0,
          1020.0
        ]
      ]
    },
    {
      "text": "Zero Bonds",
      "confidence": 0.7888261153915841,
      "bbox": [
        [
          354.0,
          1022.0
        ],
        [
          476.0,
          1022.0
        ],
        [
          476.0,
          1048.0
        ],
        [
          354.0,
          1048.0
        ]
      ]
    },
    {
      "text": "Maturity: 01.08.2034",
      "confidence": 0.9388070373668995,
      "bbox": [
        [
          509.0,
          1021.0
        ],
        [
          716.0,
          1021.0
        ],
        [
          716.0,
          1050.0
        ],
        [
          509.0,
          1050.0
        ]
      ]
    },
    {
      "text": "PRC: 4.00",
      "confidence": 0.929457597260095,
      "bbox": [
        [
          356.0,
          1048.0
        ],
        [
          464.0,
          1048.0
        ],
        [
          464.0,
          1074.0
        ],
        [
          356.0,
          1074.0
        ]
      ]
    },
    {
      "text": "USD",
      "confidence": 0.9999807288805623,
      "bbox": [
        [
          104.0,
          1084.0
        ],
        [
          156.0,
          1084.0
        ],
        [
          156.0,
          1110.0
        ],
        [
          104.0,
          1110.0
        ]
      ]
    },
    {
      "text": "100'000",
      "confidence": 0.6608704747916868,
      "bbox": [
        [
          260.0,
          1084.0
        ],
        [
          344.0,
          1084.0
        ],
        [
          344.0,
          1110.0
        ],
        [
          260.0,
          1110.0
        ]
      ]
    },
    {
      "text": "GOLDMAN SACHS EMTN 2024-30.09.2024",
      "confidence": 0.9319653781425904,
      "bbox": [
        [
          355.0,
          1084.0
        ],
        [
          802.0,
          1084.0
        ],
        [
          802.0,
          1110.0
        ],
        [
          355.0,
          1110.0
        ]
      ]
    },
    {
      "text": "99.9996",
      "confidence": 0.6324958462744188,
      "bbox": [
        [
          1158.0,
          1084.0
        ],
        [
          1244.0,
          1084.0
        ],
        [
          1244.0,
          1110.0
        ],
        [
          1158.0,
          1110.0
        ]
      ]
    },
    {
      "text": "93.0200",
      "confidence": 0.9999831486824196,
      "bbox": [
        [
          1330.0,
          1084.0
        ],
        [
          1416.0,
          1084.0
        ],
        [
          1416.0,
          1110.0
        ],
        [
          1330.0,
          1110.0
        ]
      ]
    },
    {
      "text": "1.93%",
      "confidence": 0.779349206422704,
      "bbox": [
        [
          1496.0,
          1086.0
        ],
        [
          1564.0,
          1086.0
        ],
        [
          1564.0,
          1110.0
        ],
        [
          1496.0,
          1110.0
        ]
      ]
    },
    {
      "text": "-6.98%",
      "confidence": 0.9855698188664016,
      "bbox": [
        [
          1660.0,
          1086.0
        ],
        [
          1738.0,
          1086.0
        ],
        [
          1738.0,
          1110.0
        ],
        [
          1660.0,
          1110.0
        ]
      ]
    },
    {
      "text": "93'020",
      "confidence": 0.9976165281264342,
      "bbox": [
        [
          1958.0,
          1084.0
        ],
        [
          2030.0,
          1084.0
        ],
        [
          2030.0,
          1110.0
        ],
        [
          1958.0,
          1110.0
        ]
      ]
    },
    {
      "text": "0.48%",
      "confidence": 0.999673031101989,
      "bbox": [
        [
          2084.0,
          1084.0
        ],
        [
          2152.0,
          1084.0
        ],
        [
          2152.0,
          1110.0
        ],
        [
          2084.0,
          1110.0
        ]
      ]
    },
    {
      "text": "ISIN: XS2829712830 I/ Valorn : 134735316",
      "confidence": 0.5743518353650477,
      "bbox": [
        [
          352.0,
          1108.0
        ],
        [
          799.0,
          1108.0
        ],
        [
          799.0,
          1136.0
        ],
        [
          352.0,
          1136.0
        ]
      ]
    },
    {
      "text": "Ordinary Bonds",
      "confidence": 0.8963151493627863,
      "bbox": [
        [
          354.0,
          1133.0
        ],
        [
          516.0,
          1133.0
        ],
        [
          516.0,
          1164.0
        ],
        [
          354.0,
          1164.0
        ]
      ]
    },
    {
      "text": "Maturity: 30.09.2034",
      "confidence": 0.7996925265961194,
      "bbox": [
        [
          547.0,
          1132.0
        ],
        [
          756.0,
          1132.0
        ],
        [
          756.0,
          1164.0
        ],
        [
          547.0,
          1164.0
        ]
      ]
    },
    {
      "text": "27.02.2025",
      "confidence": 0.7237646332798328,
      "bbox": [
        [
          1300.0,
          1136.0
        ],
        [
          1418.0,
          1136.0
        ],
        [
          1418.0,
          1160.0
        ],
        [
          1300.0,
          1160.0
        ]
      ]
    },
    {
      "text": "YTM: 5.51",
      "confidence": 0.9957694205252999,
      "bbox": [
        [
          356.0,
          1162.0
        ],
        [
          462.0,
          1162.0
        ],
        [
          462.0,
          1186.0
        ],
        [
          356.0,
          1186.0
        ]
      ]
    },
    {
      "text": "PRC: 4.00",
      "confidence": 0.6815749609192693,
      "bbox": [
        [
          496.0,
          1162.0
        ],
        [
          604.0,
          1162.0
        ],
        [
          604.0,
          1186.0
        ],
        [
          496.0,
          1186.0
        ]
      ]
    },
    {
      "text": "USD",
      "confidence": 0.9999807288805623,
      "bbox": [
        [
          104.0,
          1198.0
        ],
        [
          156.0,
          1198.0
        ],
        [
          156.0,
          1224.0
        ],
        [
          104.0,
          1224.0
        ]
      ]
    },
    {
      "text": "200'000",
      "confidence": 0.6867610817149845,
      "bbox": [
        [
          260.0,
          1198.0
        ],
        [
          344.0,
          1198.0
        ],
        [
          344.0,
          1224.0
        ],
        [
          260.0,
          1224.0
        ]
      ]
    },
    {
      "text": "BANK OF AMERICA 0% NOTES 2024-17.10.2034",
      "confidence": 0.7932067175928069,
      "bbox": [
        [
          356.0,
          1198.0
        ],
        [
          866.0,
          1198.0
        ],
        [
          866.0,
          1224.0
        ],
        [
          356.0,
          1224.0
        ]
      ]
    },
    {
      "text": "100.2000",
      "confidence": 0.9999625733084139,
      "bbox": [
        [
          1146.0,
          1198.0
        ],
        [
          1244.0,
          1198.0
        ],
        [
          1244.0,
          1224.0
        ],
        [
          1146.0,
          1224.0
        ]
      ]
    },
    {
      "text": "98.7771",
      "confidence": 0.9999881950759112,
      "bbox": [
        [
          1330.0,
          1198.0
        ],
        [
          1414.0,
          1198.0
        ],
        [
          1414.0,
          1224.0
        ],
        [
          1330.0,
          1224.0
        ]
      ]
    },
    {
      "text": "1.11%",
      "confidence": 0.9941378437091439,
      "bbox": [
        [
          1496.0,
          1200.0
        ],
        [
          1564.0,
          1200.0
        ],
        [
          1564.0,
          1224.0
        ],
        [
          1496.0,
          1224.0
        ]
      ]
    },
    {
      "text": "-1.42%",
      "confidence": 0.9423549723588704,
      "bbox": [
        [
          1660.0,
          1200.0
        ],
        [
          1738.0,
          1200.0
        ],
        [
          1738.0,
          1224.0
        ],
        [
          1660.0,
          1224.0
        ]
      ]
    },
    {
      "text": "197'554",
      "confidence": 0.974068210814628,
      "bbox": [
        [
          1948.0,
          1198.0
        ],
        [
          2030.0,
          1198.0
        ],
        [
          2030.0,
          1224.0
        ],
        [
          1948.0,
          1224.0
        ]
      ]
    },
    {
      "text": "1.01%",
      "confidence": 0.6222128039320868,
      "bbox": [
        [
          2086.0,
          1198.0
        ],
        [
          2152.0,
          1198.0
        ],
        [
          2152.0,
          1224.0
        ],
        [
          2086.0,
          1224.0
        ]
      ]
    },
    {
      "text": "ISIN: XS2912278723",
      "confidence": 0.9866693389314398,
      "bbox": [
        [
          354.0,
          1224.0
        ],
        [
          570.0,
          1224.0
        ],
        [
          570.0,
          1248.0
        ],
        [
          354.0,
          1248.0
        ]
      ]
    },
    {
      "text": "Valorn : 138689613",
      "confidence": 0.9178189976846984,
      "bbox": [
        [
          602.0,
          1224.0
        ],
        [
          800.0,
          1224.0
        ],
        [
          800.0,
          1248.0
        ],
        [
          602.0,
          1248.0
        ]
      ]
    },
    {
      "text": "Zero Bonds",
      "confidence": 0.7888261153915841,
      "bbox": [
        [
          354.0,
          1248.0
        ],
        [
          476.0,
          1248.0
        ],
        [
          476.0,
          1274.0
        ],
        [
          354.0,
          1274.0
        ]
      ]
    },
    {
      "text": "Maturity:",
      "confidence": 0.9464868883921393,
      "bbox": [
        [
          510.0,
          1250.0
        ],
        [
          600.0,
          1250.0
        ],
        [
          600.0,
          1276.0
        ],
        [
          510.0,
          1276.0
        ]
      ]
    },
    {
      "text": "10.2034",
      "confidence": 0.9190041284171161,
      "bbox": [
        [
          632.0,
          1248.0
        ],
        [
          716.0,
          1248.0
        ],
        [
          716.0,
          1274.0
        ],
        [
          632.0,
          1274.0
        ]
      ]
    },
    {
      "text": "27.02.2025",
      "confidence": 0.7149096294521923,
      "bbox": [
        [
          1300.0,
          1248.0
        ],
        [
          1418.0,
          1248.0
        ],
        [
          1418.0,
          1274.0
        ],
        [
          1300.0,
          1274.0
        ]
      ]
    },
    {
      "text": "YTM: 4.86",
      "confidence": 0.9981617274527449,
      "bbox": [
        [
          356.0,
          1274.0
        ],
        [
          464.0,
          1274.0
        ],
        [
          464.0,
          1300.0
        ],
        [
          356.0,
          1300.0
        ]
      ]
    },
    {
      "text": "PRC: 4.00",
      "confidence": 0.7066499874877434,
      "bbox": [
        [
          496.0,
          1274.0
        ],
        [
          604.0,
          1274.0
        ],
        [
          604.0,
          1300.0
        ],
        [
          496.0,
          1300.0
        ]
      ]
    },
    {
      "text": "USD",
      "confidence": 0.9999728827961868,
      "bbox": [
        [
          104.0,
          1310.0
        ],
        [
          156.0,
          1310.0
        ],
        [
          156.0,
          1336.0
        ],
        [
          104.0,
          1336.0
        ]
      ]
    },
    {
      "text": "100'00",
      "confidence": 0.9956205386598976,
      "bbox": [
        [
          260.0,
          1312.0
        ],
        [
          344.0,
          1312.0
        ],
        [
          344.0,
          1336.0
        ],
        [
          260.0,
          1336.0
        ]
      ]
    },
    {
      "text": "JPMORGAN CHASE",
      "confidence": 0.999789569193807,
      "bbox": [
        [
          356.0,
          1312.0
        ],
        [
          572.0,
          1312.0
        ],
        [
          572.0,
          1338.0
        ],
        [
          356.0,
          1338.0
        ]
      ]
    },
    {
      "text": "0 % NOTES 2024-29.10.34 SERIES 2021 -",
      "confidence": 0.7805171110136562,
      "bbox": [
        [
          582.0,
          1312.0
        ],
        [
          1008.0,
          1312.0
        ],
        [
          1008.0,
          1338.0
        ],
        [
          582.0,
          1338.0
        ]
      ]
    },
    {
      "text": "100.2000",
      "confidence": 0.9602186845952523,
      "bbox": [
        [
          1146.0,
          1312.0
        ],
        [
          1244.0,
          1312.0
        ],
        [
          1244.0,
          1336.0
        ],
        [
          1146.0,
          1336.0
        ]
      ]
    },
    {
      "text": "96.8496",
      "confidence": 0.9999854171463719,
      "bbox": [
        [
          1330.0,
          1312.0
        ],
        [
          1418.0,
          1312.0
        ],
        [
          1418.0,
          1336.0
        ],
        [
          1330.0,
          1336.0
        ]
      ]
    },
    {
      "text": "1.92%",
      "confidence": 0.950356156221109,
      "bbox": [
        [
          1496.0,
          1312.0
        ],
        [
          1564.0,
          1312.0
        ],
        [
          1564.0,
          1338.0
        ],
        [
          1496.0,
          1338.0
        ]
      ]
    },
    {
      "text": "-3.34%",
      "confidence": 0.6311802548685677,
      "bbox": [
        [
          1660.0,
          1312.0
        ],
        [
          1738.0,
          1312.0
        ],
        [
          1738.0,
          1338.0
        ],
        [
          1660.0,
          1338.0
        ]
      ]
    },
    {
      "text": "96'850",
      "confidence": 0.9992303623320442,
      "bbox": [
        [
          1958.0,
          1312.0
        ],
        [
          2030.0,
          1312.0
        ],
        [
          2030.0,
          1336.0
        ],
        [
          1958.0,
          1336.0
        ]
      ]
    },
    {
      "text": "0.50%",
      "confidence": 0.9996215828654051,
      "bbox": [
        [
          2084.0,
          1312.0
        ],
        [
          2152.0,
          1312.0
        ],
        [
          2152.0,
          1336.0
        ],
        [
          2084.0,
          1336.0
        ]
      ]
    },
    {
      "text": "37954",
      "confidence": 0.9820534083798693,
      "bbox": [
        [
          354.0,
          1338.0
        ],
        [
          422.0,
          1338.0
        ],
        [
          422.0,
          1362.0
        ],
        [
          354.0,
          1362.0
        ]
      ]
    },
    {
      "text": "ISIN: XS2381723902",
      "confidence": 0.7977391120502441,
      "bbox": [
        [
          354.0,
          1364.0
        ],
        [
          570.0,
          1364.0
        ],
        [
          570.0,
          1390.0
        ],
        [
          354.0,
          1390.0
        ]
      ]
    },
    {
      "text": "Valorn:: 128883231",
      "confidence": 0.8204292860297904,
      "bbox": [
        [
          602.0,
          1364.0
        ],
        [
          798.0,
          1364.0
        ],
        [
          798.0,
          1390.0
        ],
        [
          602.0,
          1390.0
        ]
      ]
    },
    {
      "text": "28.02.2025",
      "confidence": 0.9999675423294985,
      "bbox": [
        [
          1300.0,
          1362.0
        ],
        [
          1418.0,
          1362.0
        ],
        [
          1418.0,
          1388.0
        ],
        [
          1300.0,
          1388.0
        ]
      ]
    },
    {
      "text": "Zero Bonds",
      "confidence": 0.7888261153915841,
      "bbox": [
        [
          354.0,
          1390.0
        ],
        [
          476.0,
          1390.0
        ],
        [
          476.0,
          1416.0
        ],
        [
          354.0,
          1416.0
        ]
      ]
    },
    {
      "text": "Maturity: 29.10.2034",
      "confidence": 0.8030160572601258,
      "bbox": [
        [
          507.0,
          1389.0
        ],
        [
          716.0,
          1389.0
        ],
        [
          716.0,
          1418.0
        ],
        [
          507.0,
          1418.0
        ]
      ]
    },
    {
      "text": "PRC: 4.00",
      "confidence": 0.9987203420496874,
      "bbox": [
        [
          356.0,
          1416.0
        ],
        [
          464.0,
          1416.0
        ],
        [
          464.0,
          1440.0
        ],
        [
          356.0,
          1440.0
        ]
      ]
    },
    {
      "text": "Corner Banca SA",
      "confidence": 0.6811047967169787,
      "bbox": [
        [
          85.0,
          1533.0
        ],
        [
          227.0,
          1533.0
        ],
        [
          227.0,
          1553.0
        ],
        [
          85.0,
          1553.0
        ]
      ]
    },
    {
      "text": "Todistrasse27 II Postfach 1640 II 8027 Zurch_Switzerland // Hauptsitz Via Canova 16,6901 Lugano_Switzerlnd",
      "confidence": 0.5668014176318892,
      "bbox": [
        [
          242.0,
          1531.0
        ],
        [
          1094.0,
          1531.0
        ],
        [
          1094.0,
          1559.0
        ],
        [
          242.0,
          1559.0
        ]
      ]
    },
    {
      "text": "Tel. +4144 218 10 20 // Fax +41 44218 1029 Il info@corner.ch",
      "confidence": 0.42099304010692173,
      "bbox": [
        [
          84.0,
          1552.0
        ],
        [
          568.0,
          1552.0
        ],
        [
          568.0,
          1578.0
        ],
        [
          84.0,
          1578.0
        ]
      ]
    },
    {
      "text": "corner ch",
      "confidence": 0.6583778528888754,
      "bbox": [
        [
          581.0,
          1557.0
        ],
        [
          655.0,
          1557.0
        ],
        [
          655.0,
          1577.0
        ],
        [
          581.0,
          1577.0
        ]
      ]
    },
    {
      "text": "Print date 01.03.2025 I/ Page 7/18",
      "confidence": 0.7929797423242875,
      "bbox": [
        [
          1798.0,
          1555.0
        ],
        [
          2152.0,
          1555.0
        ],
        [
          2152.0,
          1587.0
        ],
        [
          1798.0,
          1587.0
        ]
      ]
    },
    {
      "text": "E",
      "confidence": 0.6681976833093017,
      "bbox": [
        [
          2189.0,
          1535.0
        ],
        [
          2255.0,
          1535.0
        ],
        [
          2255.0,
          1601.0
        ],
        [
          2189.0,
          1601.0
        ]
      ]
    },
    {
      "text": "Swift CBLUCH228OA",
      "confidence": 0.708145401701145,
      "bbox": [
        [
          85.0,
          1577.0
        ],
        [
          249.0,
          1577.0
        ],
        [
          249.0,
          1597.0
        ],
        [
          85.0,
          1597.0
        ]
      ]
    },
    {
      "text": "Clearing 8490 // CHE-105.962.409 IVA",
      "confidence": 0.4463693443146206,
      "bbox": [
        [
          263.0,
          1575.0
        ],
        [
          558.0,
          1575.0
        ],
        [
          558.0,
          1602.0
        ],
        [
          263.0,
          1602.0
        ]
      ]
    },
    {
      "text": "17.=",
      "confidence": 0.37457868456840515,
      "bbox": [
        [
          598.5430712064641,
          1248.3775281716353
        ],
        [
          637.391276444462,
          1246.1884269360137
        ],
        [
          638.4569287935359,
          1271.6224718283647
        ],
        [
          599.608723555538,
          1274.8115730639863
        ]
      ]
    }
  ],
  "tables": [],
  "fullText": "MESSOS ENTERPRISES LTD. COTNEr Valuation as of 28.02.2025 Client Number 366223 Bonds Currency Nominall Description Average Acquisition price Actual Price Perf YTD Perf Total  Valuation in price currency in % Quantity Average Acquisition FX Rate Actual Ex. Rate Perf Market Thereof accruals of assets Price Date Perf Currency Countervalue USD Bonds, Bond funds, Convertible bonds, Interest options USD 50'000 CITIGROUP GLBL 5.65 % CALL FIXED RATE NOTES 2024- 100.2000 97.5160 1.26% -2.68% 48'758 0.25% 09.05.34 ISIN: XS2782869916 Valorn:: 132544344 28.02.2025 Ordinary Bonds Maturity: 09.05.2034 PRC: 4.00 Price to be verified USD 440'000 BOFA 5.6% 2024-29.05.34 REGS 100.2000 103.7200 1.55% 3.51% 474'916 2.43% ISIN: XS2824054402 Valorn:: 135337661 18'548 Ordinary Bonds Callable: 29.05.2026 28.02.2025 Coupon: 29.5 /l Annual 5.6% II Days: 271 YTM: 5.08 PRC: 4.00 USD 2'450'000 GS 10Y CALLABLE NOTE 2024-18.06.2034 100.1000 100.5900 1.33% 0.49% 2'560'667 13.12% ISIN: XS2567543397 II Valorn : 134736192 96'212 Ordinary Bonds Callable: 18.06.2026 27.02.2025 Coupon: 18.6 Annual 5.61% Il Days: 252 I/ YTM: 5.52 PRC: 4.00 USD 1'100'000 CITIGROUP 0% MTN 2024-09.07.34 REGS 100.1000 100.6700 2.08% 0.57% 1'107'370 5.68% ISIN: XS2110079584 Il Valorn:: 136429245 Zero Bonds Callable: 09.07.2026 28.02.2025 YTM: 5.76 PRC: 4.00 USD 90'000 CITIGROUP GLBL 0 % MEDIUM TERM NOTES 2024-01.08.34 100.2000 99.9500 2.24% -0.25% 89'955 0.46% GLOBAL RE ISIN: XS2848820754 Valorn:: 135116008 28.02.2025 Zero Bonds Maturity: 01.08.2034 PRC: 4.00 USD 100'000 GOLDMAN SACHS EMTN 2024-30.09.2024 99.9996 93.0200 1.93% -6.98% 93'020 0.48% ISIN: XS2829712830 I/ Valorn : 134735316 Ordinary Bonds Maturity: 30.09.2034 27.02.2025 YTM: 5.51 PRC: 4.00 USD 200'000 BANK OF AMERICA 0% NOTES 2024-17.10.2034 100.2000 98.7771 1.11% -1.42% 197'554 1.01% ISIN: XS2912278723 Valorn : 138689613 Zero Bonds Maturity: 10.2034 27.02.2025 YTM: 4.86 PRC: 4.00 USD 100'00 JPMORGAN CHASE 0 % NOTES 2024-29.10.34 SERIES 2021 - 100.2000 96.8496 1.92% -3.34% 96'850 0.50% 37954 ISIN: XS2381723902 Valorn:: 128883231 28.02.2025 Zero Bonds Maturity: 29.10.2034 PRC: 4.00 Corner Banca SA Todistrasse27 II Postfach 1640 II 8027 Zurch_Switzerland // Hauptsitz Via Canova 16,6901 Lugano_Switzerlnd Tel. +4144 218 10 20 // Fax +41 44218 1029 Il info@corner.ch corner ch Print date 01.03.2025 I/ Page 7/18 E Swift CBLUCH228OA Clearing 8490 // CHE-105.962.409 IVA 17.=",
  "financialItems": [
    {
      "type": "ISIN",
      "value": "XS2381723902",
      "confidence": 0.95
    },
    {
      "type": "ISIN",
      "value": "XS2110079584",
      "confidence": 0.95
    },
    {
      "type": "ISIN",
      "value": "XS2567543397",
      "confidence": 0.95
    },
    {
      "type": "ISIN",
      "value": "XS2824054402",
      "confidence": 0.95
    },
    {
      "type": "ISIN",
      "value": "XS2782869916",
      "confidence": 0.95
    },
    {
      "type": "ISIN",
      "value": "XS2829712830",
      "confidence": 0.95
    },
    {
      "type": "ISIN",
      "value": "XS2848820754",
      "confidence": 0.95
    },
    {
      "type": "ISIN",
      "value": "XS2912278723",
      "confidence": 0.95
    },
    {
      "type": "CURRENCY",
      "value": "4.00 USD",
      "confidence": 0.9
    },
    {
      "type": "PERCENTAGE",
      "value": "2.08%",
      "confidence": 0.9
    },
    {
      "type": "PERCENTAGE",
      "value": "1.93%",
      "confidence": 0.9
    },
    {
      "type": "PERCENTAGE",
      "value": "0.48%",
      "confidence": 0.9
    },
    {
      "type": "PERCENTAGE",
      "value": "1.42%",
      "confidence": 0.9
    },
    {
      "type": "PERCENTAGE",
      "value": "0.49%",
      "confidence": 0.9
    },
    {
      "type": "PERCENTAGE",
      "value": "6.98%",
      "confidence": 0.9
    },
    {
      "type": "PERCENTAGE",
      "value": "2.68%",
      "confidence": 0.9
    },
    {
      "type": "PERCENTAGE",
      "value": "3.51%",
      "confidence": 0.9
    },
    {
      "type": "PERCENTAGE",
      "value": "5.61%",
      "confidence": 0.9
    },
    {
      "type": "PERCENTAGE",
      "value": "1.11%",
      "confidence": 0.9
    },
    {
      "type": "PERCENTAGE",
      "value": "1.33%",
      "confidence": 0.9
    },
    {
      "type": "PERCENTAGE",
      "value": "1.55%",
      "confidence": 0.9
    },
    {
      "type": "PERCENTAGE",
      "value": "0.50%",
      "confidence": 0.9
    },
    {
      "type": "PERCENTAGE",
      "value": "2.43%",
      "confidence": 0.9
    },
    {
      "type": "PERCENTAGE",
      "value": "13.12%",
      "confidence": 0.9
    },
    {
      "type": "PERCENTAGE",
      "value": "5.68%",
      "confidence": 0.9
    },
    {
      "type": "PERCENTAGE",
      "value": "1.92%",
      "confidence": 0.9
    },
    {
      "type": "PERCENTAGE",
      "value": "5.65 %",
      "confidence": 0.9
    },
    {
      "type": "PERCENTAGE",
      "value": "1.26%",
      "confidence": 0.9
    },
    {
      "type": "PERCENTAGE",
      "value": "5.6%",
      "confidence": 0.9
    },
    {
      "type": "PERCENTAGE",
      "value": "2.24%",
      "confidence": 0.9
    },
    {
      "type": "PERCENTAGE",
      "value": "0.46%",
      "confidence": 0.9
    },
    {
      "type": "PERCENTAGE",
      "value": "3.34%",
      "confidence": 0.9
    },
    {
      "type": "PERCENTAGE",
      "value": "1.01%",
      "confidence": 0.9
    },
    {
      "type": "PERCENTAGE",
      "value": "0.57%",
      "confidence": 0.9
    },
    {
      "type": "PERCENTAGE",
      "value": "0.25%",
      "confidence": 0.9
    },
    {
      "type": "PERCENTAGE",
      "value": "0 %",
      "confidence": 0.9
    },
    {
      "type": "PERCENTAGE",
      "value": "0%",
      "confidence": 0.9
    }
  ],
  "securities": [
    {
      "name": "",
      "isin": "XS2381723902",
      "type": "אגח",
      "additional_info": {
        "currency": "4.00 USD",
        "percentage": "5.65 %"
      }
    },
    {
      "name": "",
      "isin": "XS2110079584",
      "type": "אגח",
      "additional_info": {
        "currency": "4.00 USD",
        "percentage": "5.65 %"
      }
    },
    {
      "name": "",
      "isin": "XS2567543397",
      "type": "אגח",
      "additional_info": {
        "currency": "4.00 USD",
        "percentage": "5.65 %"
      }
    },
    {
      "name": "",
      "isin": "XS2824054402",
      "type": "אגח",
      "additional_info": {
        "currency": "4.00 USD",
        "percentage": "5.65 %"
      }
    },
    {
      "name": "",
      "isin": "XS2782869916",
      "type": "אגח",
      "additional_info": {
        "currency": "4.00 USD",
        "percentage": "5.65 %"
      }
    },
    {
      "name": "",
      "isin": "XS2829712830",
      "type": "אגח",
      "additional_info": {
        "currency": "4.00 USD",
        "percentage": "5.65 %"
      }
    },
    {
      "name": "",
      "isin": "XS2848820754",
      "type": "אגח",
      "additional_info": {
        "currency": "4.00 USD",
        "percentage": "5.65 %"
      }
    },
    {
      "name": "",
      "isin": "XS2912278723",
      "type": "אגח",
      "additional_info": {
        "currency": "4.00 USD",
        "percentage": "5.65 %"
      }
    }
  ],
  "detailed_tables": [],
  "language": "eng",
  "documentType": "הערכת שווי",
  "companyName": null
}